ID,y,x_num,x_categ
32221,0,65,orange
24146,1,62,apple
13606,1,64,grape
5288,0,71,grape
1773,1,70,grape
32845,0,70,grape
55805,0,69,orange
37345,0,67,grape
50048,0,76,grape
10556,0,66,grape
19190,0,72,grape
8752,1,62,grape
28325,0,72,grape
56488,0,75,grape
21039,0,75,grape
32537,0,72,orange
14221,1,62,grape
422,0,71,grape
17072,0,66,grape
18517,0,69,grape
52483,1,65,orange
43594,0,70,grape
24880,1,62,apple
17418,0,67,grape
20488,0,68,orange
7358,0,72,grape
39979,1,66,grape
54113,0,69,grape
1742,0,72,grape
11686,0,72,grape
12710,0,70,grape
13519,0,67,grape
55593,0,69,orange
40456,0,68,grape
55825,0,70,apple
9692,1,65,grape
31002,0,76,grape
50861,0,71,orange
52813,0,72,grape
24378,0,75,grape
31790,1,70,grape
2996,1,70,grape
3353,0,70,grape
43176,0,75,orange
14074,0,69,grape
38232,0,73,grape
2396,0,72,grape
59781,1,67,grape
51534,1,69,grape
59012,1,68,grape
44390,0,66,grape
38244,0,75,grape
10414,0,70,grape
4498,0,70,grape
19378,0,71,grape
22057,0,69,grape
19991,0,74,grape
39935,0,72,grape
20285,0,67,orange
56346,1,68,grape
39284,1,67,grape
55754,1,64,grape
16442,0,70,grape
12534,0,76,grape
23106,0,72,grape
49320,0,65,grape
12813,0,68,grape
58016,1,62,grape
47328,0,66,grape
54249,0,69,grape
14946,0,68,grape
33588,1,64,apple
28122,1,63,grape
137,0,75,grape
54660,1,67,grape
12914,0,70,orange
50279,0,72,grape
44397,0,66,grape
24729,0,75,grape
16687,1,65,apple
18766,1,60,grape
13817,1,69,grape
50568,1,62,grape
31365,1,61,grape
7262,0,72,grape
19468,0,69,grape
16855,0,71,grape
2872,1,60,grape
44198,0,66,grape
7084,0,71,grape
4050,0,71,grape
25702,1,65,grape
2395,0,70,grape
56912,0,74,grape
43167,0,75,grape
31201,0,71,grape
56604,1,63,grape
40434,0,62,grape
53383,1,66,grape
47450,0,74,grape
59340,0,68,grape
28715,0,70,grape
18183,1,67,grape
21388,1,71,grape
10111,1,65,grape
47017,1,62,grape
18056,0,68,grape
57023,1,69,grape
2864,1,64,grape
42326,0,67,grape
42061,1,64,grape
23042,0,74,apple
55189,0,70,orange
55985,1,64,grape
25484,1,63,grape
50025,1,63,grape
13851,1,60,grape
9071,1,63,grape
44245,0,72,grape
7813,0,73,grape
13735,1,68,apple
13991,1,64,grape
21462,1,67,grape
53789,0,70,grape
26663,1,63,grape
35629,1,66,apple
25898,0,72,grape
21536,1,64,grape
38226,1,68,grape
38987,0,69,grape
43093,1,60,grape
3026,0,70,grape
56581,1,68,grape
18380,0,73,grape
14242,0,68,orange
9242,0,77,grape
19224,0,68,grape
18083,1,67,grape
328,1,68,grape
23699,1,62,grape
6667,0,78,grape
43226,0,71,grape
11140,0,72,grape
1153,0,71,grape
58921,0,69,grape
41628,0,67,grape
53509,1,62,grape
46421,0,67,grape
37788,0,70,grape
53755,1,63,grape
2243,0,72,grape
16505,1,71,grape
14594,0,67,grape
27024,0,72,grape
1050,1,66,apple
11711,0,73,grape
141,1,62,grape
31912,0,72,grape
57080,0,68,grape
27400,0,70,grape
21944,0,64,grape
31316,0,67,grape
41222,0,72,grape
57097,0,71,grape
27035,0,74,grape
53081,1,66,grape
30200,0,73,grape
41205,0,67,orange
38953,0,70,grape
29638,0,68,grape
50942,0,66,grape
33549,0,74,orange
11156,1,62,grape
8078,0,72,grape
25181,1,64,apple
53792,0,68,grape
2413,0,67,grape
29539,1,64,grape
54907,1,65,grape
53366,0,68,grape
42628,0,66,grape
48999,1,61,grape
27979,0,72,grape
23864,1,65,grape
44497,0,76,apple
27050,0,70,grape
29108,1,67,grape
58661,0,74,grape
33218,0,72,grape
32735,1,67,grape
4858,0,72,grape
23650,1,69,grape
46543,1,65,orange
56111,1,68,grape
43421,0,68,grape
34534,0,75,apple
22794,1,64,grape
40352,0,71,grape
8884,0,75,grape
2666,1,65,apple
34935,0,71,grape
6062,1,67,grape
38303,0,74,grape
49061,1,68,grape
23352,0,70,grape
52570,0,71,grape
35846,0,70,grape
40333,1,60,grape
40411,0,74,grape
38305,0,72,grape
59585,1,66,grape
28180,1,64,grape
7292,0,70,grape
28460,1,64,grape
42159,0,67,grape
23659,0,70,orange
8096,1,60,grape
49172,0,72,grape
48384,0,74,orange
51490,1,68,grape
29194,1,63,grape
21483,1,67,orange
31143,1,60,grape
7649,0,71,grape
20143,1,63,grape
58099,1,61,grape
55980,0,68,grape
51727,0,66,grape
33890,1,64,grape
31412,1,68,grape
54648,0,64,grape
47878,1,63,grape
40051,0,67,grape
58671,1,62,grape
55096,0,70,grape
40003,0,70,grape
45648,0,73,grape
35251,0,75,grape
9033,0,73,grape
24017,0,75,grape
50915,1,66,grape
12047,1,63,grape
47381,0,68,grape
37122,0,65,grape
40309,1,69,grape
43783,0,69,orange
5080,1,65,grape
30363,1,60,grape
53587,1,71,grape
45636,1,63,grape
36805,0,68,grape
12198,0,72,orange
25468,0,84,grape
25185,1,69,grape
26561,1,69,grape
26881,1,65,grape
33670,0,69,grape
51752,1,62,grape
51326,1,62,orange
35320,0,68,apple
20401,0,73,grape
6380,1,67,grape
46398,0,73,grape
38588,1,70,grape
29474,1,62,grape
32858,1,67,grape
14294,0,72,grape
41086,1,65,grape
32775,0,74,grape
9372,1,67,grape
47148,1,65,grape
5089,1,63,grape
31854,1,69,grape
52972,1,64,grape
23482,0,70,grape
36155,1,63,grape
42952,1,65,grape
8602,1,63,grape
28808,1,69,grape
1754,1,67,grape
33480,1,69,grape
51296,1,65,grape
59699,1,66,grape
44290,0,69,orange
4445,0,68,grape
35263,0,71,grape
20406,0,77,grape
32072,1,62,grape
52871,1,60,grape
35470,0,68,grape
34652,0,71,grape
9405,1,66,apple
1079,0,66,grape
49881,1,71,grape
29458,1,63,grape
4537,0,70,grape
6602,1,70,grape
10981,0,73,grape
1674,1,67,grape
5701,1,64,grape
26679,0,71,grape
31662,0,70,grape
15964,1,61,grape
21006,0,70,grape
32711,0,74,grape
10282,1,66,grape
49488,0,72,grape
36787,0,73,grape
12984,0,68,grape
31534,0,68,grape
12239,1,62,grape
28978,0,71,grape
52839,1,68,grape
46521,1,64,grape
31735,0,65,grape
53669,1,68,grape
39123,0,74,grape
54131,0,72,grape
51207,0,67,grape
47700,1,67,grape
28894,0,68,grape
21391,0,72,grape
46963,0,71,grape
56468,0,74,grape
19281,1,66,grape
44241,0,70,grape
14693,0,70,grape
18423,1,66,grape
27345,0,67,grape
22036,1,60,grape
3331,0,70,grape
42896,0,74,grape
41715,0,72,grape
17822,0,68,grape
57006,1,67,grape
38624,1,65,grape
41485,1,63,grape
31537,1,64,grape
15410,0,71,grape
38206,0,74,grape
30387,0,71,orange
58368,0,63,grape
36089,0,69,grape
58229,0,69,grape
23299,1,66,grape
19264,0,67,grape
44860,0,72,grape
38662,1,62,grape
26425,0,73,orange
1958,1,63,grape
18755,0,71,grape
20513,1,67,grape
49890,0,66,orange
28073,1,65,grape
46689,1,63,grape
44801,0,69,grape
26545,1,67,grape
11453,1,66,grape
36345,1,68,grape
34164,1,62,apple
58181,0,76,grape
32605,1,67,grape
5625,1,66,grape
44196,0,73,grape
34252,0,70,grape
48287,1,65,grape
49596,0,69,grape
53530,0,66,grape
32762,1,59,grape
27278,0,73,grape
52613,0,71,grape
57898,1,63,grape
18630,0,69,grape
27441,0,76,grape
31015,1,63,grape
27545,0,68,grape
41802,0,66,grape
56407,0,70,grape
19405,1,68,grape
55609,0,71,grape
4133,1,63,grape
41267,0,68,grape
45395,1,63,grape
448,0,71,grape
1946,1,65,grape
44583,1,70,apple
41986,1,62,grape
75,0,72,grape
32657,1,68,grape
22044,0,75,grape
13866,0,64,orange
51845,0,67,grape
56703,0,71,grape
54143,0,66,grape
18370,0,71,grape
15962,0,67,grape
51585,1,72,orange
2460,0,68,grape
54833,0,67,grape
39501,0,75,grape
23293,0,72,grape
38314,0,70,grape
37792,0,73,grape
3050,0,70,grape
7778,0,71,grape
50631,1,61,grape
15664,1,61,grape
21740,0,71,grape
58332,0,72,grape
38097,0,73,grape
26502,1,65,grape
52376,0,67,grape
50818,1,62,grape
50883,1,65,grape
55063,0,68,grape
49592,1,66,grape
38935,0,75,grape
27049,0,68,grape
46883,0,70,grape
28770,0,72,grape
13516,1,67,grape
21353,1,65,grape
38820,0,72,grape
10089,1,69,grape
33555,1,69,grape
10667,0,69,grape
40410,0,72,grape
56015,0,74,orange
59030,1,62,grape
56029,0,74,grape
50552,1,60,grape
31220,1,67,grape
341,0,71,grape
53378,1,62,grape
24579,1,69,grape
39838,0,73,grape
55946,0,73,grape
52959,0,69,grape
58290,0,73,grape
57451,1,65,grape
41384,1,62,grape
54732,0,68,grape
23778,0,72,grape
22849,0,71,grape
32832,0,71,grape
43048,0,73,apple
50253,0,76,grape
23007,0,72,grape
23139,0,72,grape
6423,1,65,grape
35895,0,69,grape
39615,0,75,grape
38817,0,71,orange
19046,0,73,grape
9509,0,74,grape
10474,1,67,grape
23340,1,63,grape
7936,1,63,grape
25046,1,61,grape
54270,0,68,grape
74,1,61,grape
57427,0,71,grape
9144,0,63,grape
15668,0,72,grape
37945,0,72,grape
32215,1,61,grape
37639,0,70,grape
55296,1,65,grape
56206,1,66,grape
350,0,73,grape
9793,0,70,grape
43670,0,71,grape
30070,0,75,grape
27462,0,73,orange
22731,0,73,grape
10203,0,70,grape
9844,1,64,apple
11254,0,71,grape
45142,0,71,grape
11724,0,70,grape
49629,1,63,grape
2863,1,66,grape
44059,0,73,grape
42403,1,63,grape
3574,1,64,grape
47330,1,66,grape
53066,0,72,apple
10024,1,66,grape
24937,1,65,grape
28369,1,67,grape
54557,0,76,orange
57989,1,62,grape
3533,0,75,grape
20180,0,67,grape
40103,0,72,grape
57583,0,69,grape
47100,0,71,grape
45856,0,68,orange
10039,0,76,grape
53016,0,74,grape
52306,1,62,grape
12411,1,64,grape
52115,1,64,grape
32977,0,76,grape
24339,1,71,grape
24475,1,69,orange
20409,1,62,apple
55867,1,60,grape
12250,0,68,grape
13592,0,67,grape
56624,0,69,grape
5064,1,66,apple
27737,0,73,grape
45376,1,62,grape
35751,1,68,grape
52092,0,75,grape
51537,1,68,grape
817,0,73,grape
53109,0,74,apple
47747,0,70,orange
32939,0,69,grape
20718,0,78,grape
29281,1,63,grape
1929,0,69,grape
30999,1,66,grape
38876,0,69,orange
4779,0,68,grape
53090,0,68,orange
50417,0,73,grape
44547,0,68,grape
50766,1,60,grape
24966,1,65,grape
20679,0,69,grape
39034,0,72,grape
8768,0,72,grape
4168,0,66,grape
43074,0,71,grape
15280,0,73,grape
37944,0,70,grape
24160,0,73,grape
40488,1,66,grape
36658,0,71,grape
36923,0,70,grape
35948,0,70,grape
15597,0,76,grape
6417,0,72,grape
23190,0,69,grape
33926,1,69,grape
21031,0,70,grape
56176,1,64,orange
51625,0,74,grape
35507,1,64,apple
54176,1,62,grape
37556,1,62,grape
12753,0,71,grape
49819,0,72,grape
38335,0,72,grape
26040,0,68,grape
6731,0,69,grape
5592,1,60,grape
12428,0,76,grape
47446,1,63,apple
38951,1,66,grape
45202,1,69,grape
58416,0,71,grape
18119,0,74,grape
33340,1,63,grape
7638,0,72,grape
48909,0,69,grape
46624,0,72,grape
53046,0,70,grape
14063,1,63,grape
4192,1,63,grape
17599,0,71,grape
2458,0,67,grape
44846,0,74,grape
31165,0,76,grape
56745,0,71,grape
38039,1,67,grape
1014,1,62,grape
30282,0,69,grape
28078,0,73,grape
56285,1,69,grape
59399,0,73,orange
10260,1,67,grape
22117,1,66,grape
7860,1,63,apple
20528,0,67,grape
49121,0,64,grape
4125,0,73,grape
7664,1,65,apple
29021,1,63,grape
18166,0,63,grape
57861,0,69,grape
22355,0,73,orange
58382,0,71,grape
57102,0,70,grape
51001,1,65,apple
16823,0,73,grape
31090,0,69,grape
23725,0,62,apple
51499,1,65,grape
7311,0,72,grape
37868,0,72,grape
30646,0,76,grape
21687,0,71,grape
30917,0,69,grape
11136,1,64,grape
50626,1,69,grape
48570,1,68,grape
46048,0,74,grape
55899,0,70,grape
13799,0,65,grape
4240,0,67,orange
25779,1,60,grape
2084,0,68,grape
29367,0,74,grape
5052,0,74,grape
31070,1,63,grape
26436,0,69,grape
6093,1,62,grape
12719,1,64,grape
31865,0,68,orange
9281,1,66,grape
57411,0,73,grape
30908,0,67,grape
23442,0,74,grape
55863,1,67,grape
36387,1,72,grape
28086,1,68,grape
27453,1,62,grape
24285,0,76,grape
30905,0,70,grape
58069,0,68,orange
50374,0,70,grape
42659,0,73,grape
9330,1,68,grape
56746,0,69,grape
47873,0,73,grape
51404,1,67,grape
19931,0,65,grape
32774,0,68,orange
36674,0,71,grape
13793,1,64,grape
18328,1,71,grape
21819,0,72,grape
31207,0,66,grape
1099,0,71,grape
9721,1,64,grape
35321,1,68,grape
47142,1,62,grape
44476,1,67,grape
2425,0,69,grape
34930,1,71,grape
32758,0,68,grape
53390,1,68,grape
10125,1,68,grape
16595,0,70,grape
51371,1,69,grape
35853,0,69,grape
1655,0,67,grape
35274,1,66,grape
54935,0,70,grape
6610,0,70,grape
40275,1,63,grape
30472,0,67,orange
19794,0,74,grape
10837,1,66,grape
59650,0,69,grape
7494,0,66,grape
15439,0,72,grape
5375,0,71,grape
14463,0,67,grape
27302,0,71,grape
39889,0,74,grape
15818,0,68,grape
52978,0,68,orange
24986,1,61,grape
33678,1,63,grape
56313,0,70,grape
15300,1,62,grape
7411,1,66,apple
614,0,72,orange
49111,0,70,apple
59224,1,65,grape
3379,0,68,grape
51825,1,68,grape
56865,0,71,grape
46908,1,66,grape
705,0,72,grape
47519,0,66,grape
34786,1,64,grape
6051,1,65,grape
30264,1,67,grape
14986,0,73,grape
30414,0,70,grape
17481,0,77,grape
930,0,74,grape
31279,1,63,grape
39614,1,61,grape
27457,1,63,grape
723,1,64,grape
14332,0,68,grape
4472,1,67,grape
4540,0,74,grape
57272,0,71,grape
47144,0,68,grape
49130,1,62,orange
44365,1,68,apple
51896,1,62,grape
42553,0,76,grape
55907,1,65,grape
57458,1,68,grape
27362,0,69,grape
23407,1,70,grape
28675,0,72,grape
57617,1,66,grape
24291,0,67,grape
53994,0,71,grape
29618,1,71,grape
50853,1,62,grape
42128,0,67,grape
59777,0,65,grape
57365,1,65,grape
55054,0,77,grape
3109,0,69,orange
39350,0,73,grape
25588,1,66,grape
57516,1,66,grape
9239,0,71,grape
42256,0,69,grape
9130,1,63,grape
53005,0,72,grape
17168,0,70,grape
27358,1,67,grape
26472,1,64,orange
17475,1,68,grape
58824,1,67,grape
10321,1,62,grape
21162,0,68,grape
50752,1,65,grape
41767,0,72,grape
45276,1,64,grape
11069,1,67,apple
39987,0,68,grape
32482,0,72,grape
13275,0,75,grape
37011,0,66,grape
16795,0,70,grape
16127,0,71,grape
56707,0,74,grape
8896,0,69,orange
52408,1,67,grape
45561,1,60,grape
35524,1,61,grape
24789,0,73,grape
41760,1,71,grape
59700,0,66,grape
54618,1,62,grape
58646,0,72,grape
13271,1,60,grape
42338,1,64,grape
12747,1,62,grape
1755,0,72,grape
37882,0,71,grape
19844,1,62,grape
16416,0,69,grape
34404,0,73,grape
54172,0,73,grape
32205,0,71,orange
59381,1,68,grape
34808,0,65,grape
20798,0,69,grape
18993,0,69,orange
15357,0,70,grape
8649,1,65,grape
46156,1,64,grape
24055,0,73,grape
25313,0,70,grape
42970,0,71,grape
31113,0,71,grape
55780,0,72,grape
12471,0,76,grape
41801,0,66,grape
40044,0,67,grape
51909,0,72,grape
45072,1,64,grape
47959,1,64,grape
46928,0,65,grape
2877,0,73,grape
57523,0,72,grape
59019,0,74,grape
44854,0,69,orange
12936,1,62,grape
38158,0,70,grape
38001,1,65,apple
11032,1,63,grape
39015,1,62,orange
9025,0,68,grape
24635,0,74,grape
51615,1,68,grape
18342,1,57,grape
56515,0,71,orange
21654,0,75,grape
34999,1,64,grape
53583,1,64,grape
20500,0,70,grape
45624,0,70,grape
17887,0,69,grape
11415,0,67,grape
51581,1,63,grape
13374,1,68,apple
26199,1,67,grape
38718,0,73,grape
48883,0,75,grape
53284,1,65,grape
47555,0,65,grape
36861,1,60,grape
28259,0,67,grape
34297,0,73,grape
40038,0,67,grape
18040,0,67,grape
58385,0,71,orange
15100,1,70,grape
49656,1,64,orange
31441,1,60,grape
58262,0,69,grape
34551,0,71,grape
22314,0,70,grape
41905,0,60,grape
48306,1,63,grape
45388,0,69,grape
3264,0,69,orange
28684,0,67,grape
28130,1,64,grape
37335,1,62,grape
46051,0,75,grape
34920,1,64,grape
3537,0,72,grape
15944,1,64,grape
41961,1,65,grape
58021,0,72,grape
30559,0,70,grape
33937,0,67,grape
26118,1,66,grape
32282,1,67,orange
44580,0,65,grape
50494,0,67,grape
15741,0,69,grape
20870,0,70,grape
47222,1,60,grape
22504,0,71,grape
39864,0,76,grape
40303,0,69,orange
32918,0,77,grape
32516,0,73,grape
52039,1,66,grape
41880,1,63,orange
31691,0,73,grape
31045,0,72,orange
9912,0,70,grape
1677,0,72,grape
22540,0,64,grape
22313,0,70,grape
41344,1,66,grape
3349,0,72,orange
46430,1,65,grape
20311,0,67,grape
56660,1,68,grape
7954,0,66,grape
881,0,67,grape
11207,0,68,grape
32485,1,66,grape
57850,1,66,grape
22646,0,75,orange
37721,0,71,grape
36838,0,72,grape
39310,0,74,grape
15518,1,64,grape
20628,0,70,grape
57114,0,67,grape
11327,1,63,grape
58832,0,69,grape
47280,0,78,grape
32447,0,70,grape
43241,0,66,grape
38492,1,65,grape
35374,1,68,orange
11496,0,70,orange
36289,1,67,apple
45043,0,68,grape
53708,0,68,grape
50807,1,65,apple
46625,0,71,orange
39786,0,67,grape
19439,0,75,orange
3697,0,72,orange
52090,0,70,grape
15607,0,70,grape
10418,0,69,grape
24688,0,70,grape
14244,0,69,grape
33642,0,71,grape
5744,0,71,grape
20654,1,67,grape
29944,1,64,grape
59677,1,73,grape
27949,0,66,grape
20990,0,65,orange
5712,0,71,grape
52176,0,72,grape
16814,1,61,grape
39080,0,72,grape
59274,0,71,grape
43871,0,71,orange
39498,0,73,apple
15045,0,73,grape
29929,1,64,grape
57567,0,66,grape
21348,1,68,grape
57763,0,74,grape
5504,0,70,grape
11209,0,65,grape
37794,1,61,orange
39021,0,70,grape
38304,0,71,grape
47500,1,67,grape
35001,1,62,grape
26260,1,70,apple
33831,1,64,grape
19220,0,68,grape
4457,0,66,grape
2859,0,71,grape
10228,0,71,grape
45964,1,69,orange
7132,0,71,grape
7055,0,74,grape
49849,1,67,grape
30065,0,74,grape
43806,1,62,grape
7570,0,70,grape
42477,1,66,grape
2715,1,68,grape
26972,1,74,apple
59314,1,69,grape
32054,1,62,grape
666,1,69,grape
46414,1,65,grape
23896,1,63,grape
1053,1,67,grape
10100,1,68,grape
43625,0,70,grape
47326,1,63,grape
42581,0,70,grape
58975,0,79,grape
45015,0,74,grape
21538,1,66,grape
36092,1,63,apple
52858,1,67,grape
49586,0,69,orange
13307,1,65,grape
38095,1,64,grape
17233,1,67,grape
38969,0,70,grape
6655,0,68,grape
57815,0,70,grape
34334,1,64,grape
50146,0,71,grape
2902,1,67,grape
32794,0,70,grape
7527,0,69,grape
16459,0,72,grape
9163,1,62,grape
6802,0,71,orange
13963,1,67,grape
27366,0,72,grape
12288,0,66,grape
12304,1,70,apple
19797,0,70,grape
4079,1,64,apple
8761,1,64,grape
19096,0,70,grape
36097,1,69,apple
41091,1,66,orange
34686,0,73,grape
26537,0,68,grape
33378,1,59,grape
31638,0,70,grape
10852,0,68,grape
6382,1,67,grape
34059,0,74,grape
57213,1,67,grape
7347,0,73,grape
26010,0,74,grape
15814,0,71,grape
11336,1,63,grape
71,1,62,grape
23776,0,73,grape
30073,1,66,orange
8894,0,66,grape
53158,1,63,grape
3293,1,63,grape
15839,0,73,grape
17015,0,71,grape
26211,1,60,grape
58609,0,74,orange
52126,0,70,grape
24422,1,65,grape
14391,0,73,grape
6363,1,73,grape
21727,0,73,orange
58930,0,69,apple
25650,0,70,grape
2501,1,62,grape
45539,1,68,grape
18754,1,62,grape
19306,0,68,grape
44570,0,70,grape
48494,0,71,grape
27261,0,72,grape
25277,0,73,grape
54032,0,71,orange
12281,0,68,grape
10288,0,67,orange
9201,0,67,grape
21956,0,73,grape
54304,1,64,grape
29949,1,67,grape
13712,1,66,grape
43855,1,66,grape
32714,0,69,grape
4242,0,73,grape
1166,0,69,grape
59515,1,68,grape
17144,1,63,grape
4545,1,62,grape
41803,0,69,grape
25294,1,67,grape
52905,1,67,grape
8956,0,72,grape
31590,0,70,grape
40560,0,69,orange
31928,1,67,grape
13637,0,64,grape
55784,0,73,grape
47177,1,64,grape
20199,1,65,grape
49156,0,70,grape
31623,1,65,grape
39296,0,75,grape
16986,0,66,grape
35361,1,65,grape
53720,0,73,grape
34774,0,71,grape
26865,0,67,orange
23883,1,62,apple
7106,1,67,grape
51836,0,64,grape
42781,1,62,orange
24000,0,72,grape
30693,1,68,grape
11113,1,70,apple
49501,1,62,grape
42606,1,69,grape
37757,0,67,grape
49182,1,67,grape
14828,0,68,grape
47317,0,75,grape
30974,1,62,grape
29932,1,70,grape
37171,0,74,grape
10590,0,71,grape
28806,1,60,grape
46265,1,63,grape
37872,0,67,grape
53770,0,70,orange
30592,1,62,grape
47212,1,63,grape
37658,0,70,grape
33552,0,73,grape
42393,0,75,grape
37958,0,69,grape
34100,0,66,grape
54020,1,69,grape
48725,0,70,grape
33421,0,71,orange
27294,1,60,grape
26592,1,66,grape
50427,0,68,grape
52042,1,60,grape
48410,1,70,grape
58365,0,71,grape
33409,0,69,grape
23701,1,67,grape
22553,0,71,grape
35114,0,66,grape
38401,1,65,grape
16232,0,73,grape
12275,0,71,grape
31415,0,71,grape
36340,1,71,grape
18640,1,67,apple
28693,0,70,grape
32388,0,71,orange
48611,0,69,grape
48788,1,64,orange
20659,0,70,grape
46029,1,64,grape
45193,1,63,grape
47886,0,74,grape
25182,1,64,grape
40943,0,67,grape
11494,0,68,grape
13943,0,67,grape
3508,1,59,grape
53494,1,59,grape
24040,0,64,grape
10882,1,61,grape
14122,1,69,grape
40886,0,70,grape
40905,0,72,grape
22757,0,67,grape
30315,0,66,grape
51232,1,69,grape
22140,0,69,grape
28579,0,70,grape
22335,0,73,grape
20121,0,71,grape
3108,1,67,grape
969,1,60,apple
15463,0,68,grape
26743,0,67,grape
47726,1,63,grape
20335,0,72,grape
20525,0,66,grape
43175,1,64,grape
57661,1,69,grape
23869,1,64,grape
33416,0,72,grape
3614,1,62,orange
15725,0,68,grape
16190,0,72,grape
38038,0,64,grape
40611,0,74,grape
55240,1,63,grape
3495,0,70,grape
44730,0,70,grape
4341,0,66,grape
57792,1,61,apple
20496,0,71,orange
1989,1,66,grape
8590,1,65,grape
15514,1,68,grape
26362,0,68,grape
15152,0,66,grape
23071,0,75,grape
53745,0,69,grape
44344,0,70,apple
22256,0,71,grape
4257,1,65,grape
33685,0,67,grape
19209,0,66,grape
58343,0,72,grape
50074,0,68,grape
27349,1,67,grape
55297,0,72,orange
6776,1,63,apple
33587,0,67,grape
22466,0,67,grape
47579,1,60,grape
30651,1,68,grape
24926,0,68,grape
26008,1,66,grape
47111,0,74,grape
53541,0,72,grape
8673,1,62,orange
20814,0,72,grape
40421,0,70,grape
13324,1,63,grape
26780,1,64,apple
30180,0,72,grape
10700,0,70,grape
24332,1,68,orange
19642,0,68,grape
20218,1,63,grape
51651,0,66,orange
40446,1,62,grape
21643,1,63,grape
36770,0,72,orange
47422,0,71,grape
6949,0,68,grape
14114,0,73,grape
9335,1,69,grape
12595,1,67,grape
995,0,72,grape
21592,0,74,grape
21976,0,73,grape
25828,0,70,grape
30488,1,67,grape
38933,1,61,apple
21602,1,66,grape
45777,0,72,grape
40673,0,74,grape
48210,1,63,grape
42097,0,74,grape
47016,1,67,grape
40444,0,71,grape
42152,0,68,orange
51138,1,65,grape
13197,1,68,grape
50637,1,66,grape
39618,1,62,grape
55712,0,71,grape
46589,1,63,apple
30535,1,65,grape
11906,0,69,grape
9871,0,69,grape
46636,1,63,grape
19914,0,72,grape
13811,1,61,orange
11939,0,69,apple
42731,0,71,grape
18154,1,64,grape
13075,0,68,grape
5033,0,69,grape
18922,1,66,orange
20980,0,72,grape
47334,0,76,grape
22458,0,68,grape
36449,0,70,grape
46071,0,67,grape
2210,0,71,grape
18223,0,70,grape
15295,0,67,grape
6524,0,74,grape
578,0,72,grape
47308,0,71,grape
5494,0,69,grape
22282,0,72,grape
54149,0,70,grape
15631,1,68,apple
6665,0,75,grape
38330,0,69,grape
44414,1,63,grape
25501,1,71,grape
42637,0,69,grape
29264,0,72,grape
44530,1,69,grape
52035,1,66,grape
783,0,74,grape
58947,0,67,grape
17872,0,70,grape
2508,1,62,grape
47923,1,62,grape
12526,0,54,grape
51430,0,70,grape
19792,1,62,grape
8407,1,62,grape
48461,1,62,grape
19802,0,73,grape
51355,0,75,grape
20934,1,67,grape
56052,0,74,grape
17321,1,60,grape
58046,1,64,grape
30810,0,73,grape
22485,1,65,orange
26207,0,68,grape
6922,0,69,grape
11052,0,68,grape
44971,1,62,grape
47398,0,69,grape
52310,1,67,grape
7456,1,65,grape
54554,1,62,orange
11673,0,72,grape
45527,1,64,grape
49421,0,68,grape
46691,1,69,grape
25339,1,63,grape
14468,0,67,orange
22802,0,70,grape
45110,0,69,grape
23379,0,68,apple
59206,0,72,grape
54520,0,72,grape
45307,1,64,grape
10438,0,73,grape
23605,0,71,grape
50312,0,70,grape
9796,0,72,grape
59363,1,67,grape
27572,0,67,grape
16946,0,70,grape
56074,1,68,grape
57741,1,64,grape
53593,0,77,grape
56875,1,64,grape
22067,0,74,grape
22027,0,70,grape
36950,0,75,grape
52584,1,64,grape
31939,0,67,grape
43809,1,62,grape
20377,0,67,orange
43160,0,70,grape
4214,0,73,grape
38982,1,64,grape
4430,1,66,apple
52180,0,71,grape
24242,0,69,grape
57825,1,69,apple
3856,0,67,grape
14973,1,64,grape
13088,0,71,grape
5521,0,73,grape
14926,0,69,grape
57786,0,71,orange
50697,0,67,grape
28027,0,76,grape
41359,1,68,grape
19668,0,66,grape
58751,0,74,grape
9734,1,62,grape
57263,0,72,grape
32577,1,68,grape
48029,0,71,grape
332,0,72,grape
28796,0,72,grape
7319,0,70,grape
31693,0,72,orange
23555,0,73,grape
9869,0,71,grape
40322,0,70,grape
36224,0,67,grape
28414,1,68,grape
9671,1,69,grape
16307,0,72,grape
37208,1,65,grape
4929,1,66,grape
55505,1,68,grape
15675,0,72,grape
9475,0,69,grape
20063,0,72,grape
28637,0,72,apple
11503,0,67,grape
38202,1,68,grape
14740,0,72,grape
2558,1,65,grape
10324,0,71,grape
20868,0,73,grape
46620,0,71,grape
45068,0,75,grape
52527,1,62,grape
48832,0,72,grape
22917,0,69,grape
5781,1,65,grape
26017,1,67,grape
11500,1,68,grape
52473,0,69,grape
49129,0,69,orange
28340,1,70,grape
14127,0,74,grape
40230,0,69,grape
1261,0,66,grape
22648,0,70,grape
5201,0,76,grape
37318,0,71,grape
19463,0,69,grape
42497,0,67,orange
40228,1,63,grape
55366,0,70,grape
46477,0,74,grape
56364,0,71,grape
17100,0,72,grape
11025,1,65,grape
58852,0,73,grape
3405,0,73,grape
46353,0,68,grape
18645,0,73,grape
48676,0,68,grape
59228,0,72,apple
27439,1,64,grape
35237,0,69,grape
281,0,80,grape
50605,0,64,grape
9639,0,70,grape
4919,0,72,grape
23543,1,67,grape
18488,1,69,grape
20060,1,66,grape
313,0,69,grape
9821,0,73,grape
23292,0,67,grape
39264,1,66,grape
19839,1,62,grape
6346,1,67,orange
26134,0,69,orange
27117,0,74,orange
46097,0,76,grape
19682,1,70,grape
6001,1,61,grape
1601,0,74,grape
22381,1,66,grape
9484,1,66,grape
50567,1,60,grape
21642,1,64,grape
32924,1,70,grape
19302,1,67,apple
37455,0,71,grape
53433,1,64,grape
36051,1,64,grape
35830,0,72,grape
47337,1,64,grape
41278,1,70,grape
13136,1,66,orange
21112,1,65,grape
11258,0,73,grape
59245,0,70,grape
26003,0,71,orange
33568,0,69,grape
48130,0,65,orange
13702,0,73,grape
15387,0,67,grape
49268,0,68,grape
18051,0,71,grape
13129,0,74,grape
59623,1,66,grape
26724,1,67,grape
20637,0,70,grape
35713,1,72,grape
36885,0,70,grape
31656,0,71,grape
16895,1,60,orange
52531,0,66,grape
53320,0,74,grape
8094,1,64,grape
27986,0,73,grape
20462,0,73,grape
18903,0,71,grape
39548,1,66,grape
21037,0,70,grape
15937,0,82,grape
26752,1,65,grape
22821,1,66,grape
42226,1,63,grape
59001,0,73,orange
27071,1,68,grape
18142,0,72,grape
35715,0,73,grape
40904,0,72,grape
59353,0,70,grape
22017,0,68,grape
4953,0,70,grape
51681,0,66,grape
33230,0,72,grape
35451,0,66,grape
54672,1,63,grape
4161,0,69,grape
5007,1,69,grape
39716,0,71,orange
23671,1,62,apple
9532,1,63,grape
6826,1,65,grape
11925,0,70,grape
30593,1,63,grape
18134,1,66,orange
31916,0,74,grape
11926,0,70,orange
57910,0,71,grape
12926,0,66,orange
17304,0,68,apple
48879,1,67,grape
54492,1,62,grape
28411,1,69,grape
45522,1,66,apple
4617,1,67,orange
206,1,69,grape
5756,1,67,grape
4358,1,63,orange
14625,1,64,orange
47227,0,71,grape
14210,0,73,grape
55677,1,62,grape
3941,1,64,grape
13397,1,68,grape
43956,0,68,apple
32344,1,62,grape
52154,0,74,grape
47857,0,67,grape
52295,0,71,grape
45221,0,72,grape
51181,0,78,orange
30159,0,71,orange
8868,1,71,apple
47021,0,73,grape
2293,0,74,grape
5376,0,71,orange
3686,0,74,grape
37006,0,74,grape
1593,0,70,grape
20709,0,65,grape
10337,0,67,orange
44450,1,60,grape
24576,1,65,grape
53492,1,68,grape
59348,0,64,orange
24009,0,71,grape
3437,1,64,grape
29601,1,62,grape
12039,0,74,grape
36567,1,64,grape
47753,0,72,orange
26097,1,67,grape
51408,1,64,grape
49844,0,72,grape
51868,0,77,orange
23218,0,71,grape
54489,0,72,grape
5591,1,60,grape
25461,0,72,grape
30018,0,70,orange
46866,0,69,grape
46685,0,72,grape
44981,1,67,grape
28431,1,67,grape
26980,1,63,grape
46933,1,68,grape
26456,0,70,grape
28871,1,68,grape
52514,0,66,orange
40742,0,69,orange
246,1,63,grape
31061,0,70,orange
30517,1,67,grape
56304,0,74,grape
17956,1,64,grape
1022,0,74,grape
8699,0,69,grape
28763,1,66,grape
29780,0,78,grape
42754,0,66,grape
18295,0,68,grape
35465,0,70,grape
26101,0,70,grape
51023,1,63,grape
18190,0,72,grape
7461,1,65,grape
12691,0,72,grape
47002,0,70,grape
41669,1,62,grape
18089,1,63,grape
28211,0,79,grape
49008,0,72,orange
43403,0,67,grape
43424,1,67,grape
6584,0,74,grape
14459,0,71,grape
17878,0,67,grape
35348,0,70,orange
998,1,68,grape
58209,0,73,grape
56026,0,70,grape
4001,0,73,grape
7337,0,70,grape
58768,1,67,grape
36740,0,69,orange
59336,0,74,grape
10032,0,66,grape
24002,0,72,grape
15159,0,68,orange
47390,0,71,grape
27975,1,64,apple
50795,0,72,grape
3517,0,70,grape
46082,0,73,grape
1362,0,72,grape
48899,1,63,grape
1658,0,70,grape
47041,0,71,grape
5237,0,70,grape
46605,1,65,grape
32476,1,63,grape
36164,1,64,grape
23453,0,72,grape
52146,0,71,grape
19534,0,67,grape
8251,0,76,grape
24390,1,66,grape
12337,0,70,grape
3491,1,62,grape
19972,1,65,orange
24997,0,64,grape
19228,1,64,grape
19514,0,74,grape
7344,0,64,grape
56267,1,65,grape
51387,1,62,grape
57914,1,71,grape
280,1,71,grape
18238,0,72,grape
59843,1,65,grape
56824,1,62,apple
10814,1,67,grape
31618,0,70,grape
53901,1,66,apple
49869,1,65,grape
24012,0,74,grape
19328,1,63,grape
11728,0,71,grape
57512,1,64,apple
55241,1,67,grape
35390,0,67,grape
25041,1,67,grape
6757,0,75,grape
22478,0,73,apple
34052,0,67,grape
11269,0,73,grape
5110,1,63,orange
53585,1,62,grape
32660,0,71,grape
52965,0,67,grape
1321,0,68,grape
40902,1,66,grape
26940,0,68,grape
58896,0,72,grape
28043,1,68,grape
46958,1,66,grape
14825,0,71,grape
43802,1,65,grape
35306,0,73,grape
8862,1,67,grape
57548,0,72,grape
30243,1,60,apple
30877,1,65,grape
59236,0,74,grape
18069,0,72,grape
9916,0,72,grape
58012,1,67,grape
20935,0,69,grape
4126,0,67,orange
27595,0,70,grape
55408,0,80,grape
50757,0,70,grape
35655,0,70,grape
7512,1,61,grape
13994,0,73,grape
26158,1,63,grape
11727,0,69,grape
15125,0,73,grape
42454,0,71,grape
32431,1,65,orange
53085,1,72,grape
4299,1,66,grape
25977,0,75,grape
12494,0,69,grape
49153,1,63,grape
5616,0,72,grape
50083,1,66,grape
59277,0,74,grape
4609,0,71,grape
40655,0,68,grape
44798,0,69,grape
8747,1,65,orange
45820,0,74,grape
8840,1,65,grape
29074,1,64,grape
52187,0,70,grape
11204,0,69,grape
51746,0,71,orange
33695,0,72,grape
43982,0,74,apple
21752,0,70,grape
22520,0,62,grape
42514,0,72,grape
57788,1,65,grape
9854,0,76,grape
25878,0,68,grape
46554,0,70,grape
49609,0,70,orange
17000,0,68,grape
707,1,62,grape
11898,1,67,orange
48100,1,68,grape
43003,0,69,grape
45941,0,71,grape
520,0,68,grape
59144,0,71,grape
30004,0,72,grape
22015,0,72,grape
6888,1,70,grape
29216,0,66,grape
10818,0,71,grape
58185,0,71,orange
52396,0,70,grape
3930,0,68,orange
14050,0,69,grape
52612,0,70,grape
12938,0,71,grape
38191,0,73,grape
35875,1,63,grape
16306,1,68,grape
5831,1,69,apple
48740,1,60,grape
4470,0,68,grape
32178,0,70,grape
28686,1,61,grape
31646,1,65,grape
3632,1,61,apple
43262,0,72,grape
9325,1,62,grape
39687,0,73,grape
11165,1,65,grape
36992,0,76,grape
49456,0,73,orange
49291,1,61,orange
29760,0,69,grape
10939,0,67,grape
48592,1,66,orange
36750,0,75,grape
9962,0,73,grape
25516,1,66,grape
34046,0,69,grape
22992,0,68,grape
52630,0,72,grape
10756,1,63,grape
10569,0,72,grape
45867,0,69,grape
26019,0,75,grape
4014,0,71,orange
2786,0,69,grape
6181,0,75,grape
6709,0,64,grape
9270,1,66,grape
56241,1,63,orange
9064,0,67,grape
18025,1,66,grape
5997,1,66,grape
52809,1,64,grape
42874,0,75,grape
50362,0,68,grape
39387,0,68,grape
2920,1,63,grape
21681,1,64,grape
38458,1,67,grape
46661,0,62,grape
6306,1,67,grape
47897,0,75,grape
53001,0,69,grape
35911,0,73,grape
52355,1,64,grape
41857,1,64,grape
46175,0,73,grape
19017,0,75,grape
30487,0,69,grape
2080,0,73,orange
56244,1,67,grape
58460,0,66,grape
19871,0,68,grape
42820,1,63,grape
56976,1,65,grape
33033,1,68,grape
13408,0,67,grape
30094,0,69,orange
1858,0,72,grape
48595,1,65,grape
10280,1,68,grape
17400,1,74,apple
6227,0,75,grape
58001,1,65,grape
6812,0,70,grape
55519,1,67,grape
38813,0,68,grape
37831,0,69,orange
24931,0,68,grape
43768,1,62,grape
15618,0,69,grape
9407,1,67,grape
47471,0,67,grape
21240,0,72,grape
17873,0,70,grape
6331,1,64,grape
23098,0,70,grape
23825,0,71,grape
42537,0,65,grape
16200,0,75,grape
2430,0,63,grape
29881,1,67,grape
24938,1,65,grape
19666,1,62,grape
58777,0,65,grape
36211,1,68,apple
24078,0,71,grape
49204,0,69,grape
59716,0,67,grape
21566,1,63,grape
23472,1,69,grape
10665,0,66,grape
48239,0,66,orange
7036,1,62,grape
43850,0,76,grape
6499,1,63,grape
25957,0,72,grape
54824,0,71,grape
41744,0,68,grape
2500,1,64,grape
21519,1,64,grape
18195,0,74,grape
57642,0,72,grape
1820,1,67,grape
31328,0,74,grape
24968,0,70,grape
29005,1,65,grape
35391,0,65,grape
58465,0,66,grape
25978,1,67,grape
12922,1,60,grape
22704,0,68,grape
31265,0,68,grape
37305,1,63,grape
40102,0,77,grape
12598,0,73,orange
10741,0,69,grape
32753,0,72,grape
10470,0,68,grape
51810,1,62,grape
45194,1,69,grape
11883,1,66,apple
50434,0,73,grape
13339,1,62,grape
2122,1,65,grape
25566,1,67,grape
31805,0,69,grape
57979,1,64,grape
32910,0,73,grape
7376,0,70,grape
23929,1,63,grape
30002,0,68,grape
23062,1,68,grape
6014,1,65,grape
9518,1,65,grape
35880,0,72,grape
17289,0,74,grape
9181,0,70,grape
1453,0,76,grape
42486,0,73,grape
1209,0,67,grape
30453,1,69,grape
39100,0,70,grape
29247,0,72,grape
49398,1,66,apple
48654,1,63,grape
36599,1,63,orange
47808,0,74,grape
19592,1,72,grape
39782,1,65,grape
22979,1,65,grape
50985,0,70,grape
12102,1,64,orange
5276,1,66,grape
9641,0,71,grape
26189,0,69,grape
32854,0,72,grape
27850,1,66,grape
49497,0,69,grape
3429,0,71,grape
5995,0,68,grape
40266,1,68,grape
59871,1,63,grape
44459,0,68,grape
4500,0,69,grape
25523,0,74,grape
17619,0,70,grape
9761,1,65,grape
35042,0,73,orange
9806,1,67,grape
59191,0,68,grape
45611,0,67,grape
46506,0,72,grape
28736,0,74,grape
42593,0,72,grape
29769,1,67,grape
12203,0,70,grape
28345,0,72,grape
54706,1,72,grape
37585,1,68,grape
35636,0,73,orange
28626,0,68,grape
57520,1,72,grape
27637,1,69,grape
4156,1,68,grape
22993,1,61,grape
29594,1,67,grape
16703,1,64,grape
242,1,65,grape
21557,1,63,grape
1977,0,75,orange
55491,1,66,grape
32393,0,69,grape
25914,0,69,grape
8379,0,67,grape
49334,0,66,grape
1211,0,66,grape
55779,0,76,orange
51967,0,72,grape
15289,0,66,grape
27891,0,75,grape
44377,0,72,grape
52242,1,69,grape
59290,0,75,grape
24519,1,64,grape
31604,0,69,grape
11178,0,70,apple
39363,0,71,grape
36223,0,69,grape
17772,1,63,apple
30426,0,64,grape
14736,1,70,grape
6879,0,67,orange
56511,0,73,grape
33129,0,70,grape
44640,0,71,grape
44392,0,73,grape
7619,1,70,grape
24511,0,71,grape
37117,0,68,grape
48297,1,63,apple
36064,0,68,grape
56000,0,75,grape
42526,0,68,grape
48693,0,71,grape
54957,0,73,grape
15464,0,74,grape
6561,0,76,grape
10473,1,61,grape
22720,0,67,grape
44101,1,66,grape
35599,0,72,grape
57120,0,68,grape
20278,0,67,grape
6659,1,65,grape
11652,0,70,grape
21385,0,68,grape
47731,0,70,grape
15966,0,69,grape
47719,1,68,grape
56788,0,74,grape
13589,0,73,grape
26246,0,72,grape
16090,1,67,grape
9058,0,71,grape
39591,1,64,grape
16771,1,65,grape
5296,1,67,orange
12310,0,64,grape
55763,1,61,grape
9341,0,69,grape
11477,1,65,grape
25024,1,64,grape
50214,0,72,grape
12004,0,67,grape
30133,1,66,orange
6717,0,71,orange
35996,0,74,grape
54080,1,64,grape
49520,1,60,grape
26333,0,68,grape
16990,1,67,grape
35244,0,72,grape
47553,0,69,grape
35617,1,64,grape
30832,1,64,grape
42033,0,70,grape
52786,0,73,grape
47566,0,72,grape
21387,0,67,grape
8963,1,62,grape
34888,0,68,grape
49136,1,64,grape
3418,0,69,grape
18975,1,60,grape
38439,0,68,grape
30169,1,65,grape
57305,0,71,grape
25972,1,70,grape
33498,1,67,grape
5582,0,69,grape
30023,0,71,grape
46133,0,72,grape
34061,1,62,grape
59652,1,64,grape
53382,0,70,grape
28676,1,65,grape
54434,0,70,orange
18004,1,64,grape
33186,1,64,grape
50925,1,64,grape
20050,0,70,grape
34546,1,63,grape
23285,0,68,grape
