ID,y,x_num,x_categ,y_as_factor
44007,0,68,grape,0
29596,1,65,grape,1
28221,0,69,grape,0
23029,0,68,grape,0
42537,0,65,grape,0
932,0,74,grape,0
34989,1,67,grape,1
59622,1,64,grape,1
52908,1,69,grape,1
45703,0,69,grape,0
34783,0,68,grape,0
39935,0,72,grape,0
35644,0,74,grape,0
52095,0,70,grape,0
50193,0,75,grape,0
27112,1,71,apple,1
54508,0,66,grape,0
27208,0,71,grape,0
54162,0,71,grape,0
59847,0,67,orange,0
4353,1,61,grape,1
24428,1,67,apple,1
25077,1,61,grape,1
20112,1,70,grape,1
26983,0,69,grape,0
40104,0,75,grape,0
45533,0,71,grape,0
19165,1,70,grape,1
55295,0,72,grape,0
51273,0,67,grape,0
29273,0,72,grape,0
4227,0,73,grape,0
55510,0,72,grape,0
23842,0,70,grape,0
22430,1,66,grape,1
54996,1,61,grape,1
19424,0,69,orange,0
44150,1,62,grape,1
55723,0,71,grape,0
32685,1,63,grape,1
24763,1,66,grape,1
51355,0,75,grape,0
14001,0,69,grape,0
5796,1,64,grape,1
21074,1,67,grape,1
52070,1,66,orange,1
47523,0,70,grape,0
51611,1,62,grape,1
13504,0,70,grape,0
17588,0,70,grape,0
32733,0,70,grape,0
15157,0,72,grape,0
58114,0,73,grape,0
1265,0,71,grape,0
23108,0,66,grape,0
51378,0,70,grape,0
55178,1,66,grape,1
22191,1,66,orange,1
8443,1,66,apple,1
12616,0,69,grape,0
57051,0,71,grape,0
14790,1,65,grape,1
30836,1,64,grape,1
57067,1,66,grape,1
14980,0,74,grape,0
44260,0,71,grape,0
16873,0,72,grape,0
57642,0,72,grape,0
58366,0,73,grape,0
46970,1,65,grape,1
808,1,68,grape,1
39990,0,74,grape,0
26192,1,69,orange,1
16389,0,71,grape,0
13823,0,67,apple,0
32571,0,71,grape,0
55383,1,61,apple,1
28386,0,73,grape,0
57977,1,69,grape,1
30971,0,72,grape,0
38390,0,72,grape,0
46298,1,70,grape,1
43474,0,67,grape,0
12287,1,67,grape,1
56888,0,72,grape,0
19912,0,73,apple,0
986,1,70,grape,1
32551,0,70,grape,0
48091,0,70,grape,0
5500,1,64,orange,1
15206,0,65,grape,0
26193,1,62,grape,1
45296,1,65,grape,1
37667,1,70,orange,1
46944,1,71,grape,1
53508,1,63,grape,1
43765,0,73,grape,0
41131,1,65,grape,1
12806,1,64,grape,1
41794,0,69,grape,0
18616,1,66,grape,1
58776,0,72,grape,0
6588,0,70,grape,0
4100,0,69,grape,0
7628,1,61,grape,1
27516,1,63,grape,1
4507,0,73,grape,0
23875,1,66,grape,1
4136,0,69,grape,0
44313,0,69,grape,0
14429,0,72,grape,0
54645,1,64,grape,1
10040,0,71,grape,0
33602,0,69,grape,0
18045,1,67,grape,1
21140,0,64,orange,0
28275,1,63,grape,1
36196,1,65,grape,1
10156,0,71,grape,0
6146,0,67,grape,0
41486,0,71,grape,0
57316,1,63,grape,1
37612,0,69,grape,0
1739,1,65,grape,1
16562,0,73,grape,0
19089,0,73,grape,0
42920,0,72,grape,0
31699,1,67,orange,1
57157,1,67,grape,1
4653,1,65,grape,1
11472,0,73,grape,0
44128,0,74,orange,0
38919,0,72,grape,0
53013,1,65,grape,1
32614,1,70,grape,1
40116,0,71,grape,0
40622,1,64,grape,1
5817,0,67,grape,0
57286,1,63,orange,1
30109,1,66,grape,1
55822,1,66,grape,1
25357,1,65,apple,1
30162,0,67,grape,0
44348,0,74,orange,0
52479,1,66,grape,1
33056,1,68,grape,1
36527,0,65,orange,0
3631,1,68,grape,1
48008,0,69,orange,0
46079,0,69,grape,0
56016,0,75,grape,0
12229,0,70,grape,0
49748,0,68,grape,0
52059,1,66,grape,1
28199,1,63,grape,1
50499,0,67,grape,0
7379,0,72,grape,0
31834,1,69,grape,1
30986,1,64,grape,1
28888,0,67,grape,0
5632,1,62,grape,1
24453,0,69,grape,0
52410,0,70,grape,0
39238,0,69,grape,0
46800,1,62,grape,1
504,0,73,grape,0
24043,1,66,grape,1
55331,0,69,grape,0
22537,1,61,grape,1
37592,1,61,grape,1
34962,0,69,grape,0
22551,1,62,grape,1
53309,0,73,grape,0
3278,0,71,grape,0
27177,0,65,orange,0
22694,0,69,grape,0
55328,0,69,orange,0
13083,0,71,grape,0
15354,0,73,grape,0
52558,1,64,grape,1
15546,0,70,grape,0
17834,0,71,grape,0
59392,0,66,orange,0
49471,0,70,grape,0
18364,0,71,grape,0
44540,0,66,grape,0
3040,0,68,orange,0
25574,0,72,grape,0
13767,1,69,grape,1
13819,0,69,grape,0
21992,0,71,orange,0
15706,1,65,orange,1
54122,1,62,grape,1
55175,0,70,grape,0
1861,1,66,grape,1
44491,1,61,grape,1
39249,0,70,grape,0
37556,1,62,grape,1
35869,0,73,grape,0
66,0,68,grape,0
55004,0,71,grape,0
45289,0,72,grape,0
26737,1,61,grape,1
29662,1,71,grape,1
17553,1,63,grape,1
3000,1,68,orange,1
34834,1,67,grape,1
54476,0,68,grape,0
10534,0,68,orange,0
4704,0,71,grape,0
23148,0,67,grape,0
44046,0,74,grape,0
5848,0,72,grape,0
23556,0,76,grape,0
32017,1,65,grape,1
36234,1,64,grape,1
27210,0,70,grape,0
29710,0,72,grape,0
24811,1,66,grape,1
6812,0,70,grape,0
29551,0,64,grape,0
34857,1,61,grape,1
16882,1,61,grape,1
53952,1,70,grape,1
19542,1,62,apple,1
47015,1,63,grape,1
13593,0,69,orange,0
5301,0,73,grape,0
33255,1,68,apple,1
15551,0,74,grape,0
22431,0,72,grape,0
31540,1,68,grape,1
49946,1,65,grape,1
36800,0,69,grape,0
40545,1,65,grape,1
33263,0,71,grape,0
55900,0,69,orange,0
53410,1,66,grape,1
27159,0,76,orange,0
27758,0,69,orange,0
48464,1,64,grape,1
43616,0,73,grape,0
33251,1,63,grape,1
28981,0,71,grape,0
57994,1,67,grape,1
32612,0,75,grape,0
5299,0,72,grape,0
45291,1,63,grape,1
46830,1,69,grape,1
58878,0,74,grape,0
42680,1,67,grape,1
34915,0,72,grape,0
17160,1,66,grape,1
794,0,70,grape,0
57158,1,60,grape,1
55237,0,74,grape,0
26533,0,77,grape,0
17581,1,67,grape,1
37241,0,67,grape,0
15005,0,68,grape,0
34952,0,72,grape,0
31696,0,70,apple,0
24787,0,68,grape,0
34734,0,65,grape,0
43447,0,67,grape,0
7213,0,72,grape,0
452,1,68,grape,1
13081,0,69,grape,0
48276,0,71,grape,0
37605,1,64,grape,1
55396,1,66,grape,1
1040,1,65,grape,1
10175,0,70,grape,0
30931,0,64,grape,0
34669,1,72,apple,1
20156,1,64,grape,1
17020,1,65,grape,1
13693,1,63,grape,1
55920,1,67,grape,1
58722,1,64,grape,1
39626,0,70,grape,0
58432,0,73,grape,0
54130,0,69,grape,0
33331,0,68,orange,0
27693,0,72,grape,0
843,0,70,grape,0
32025,0,70,orange,0
24818,0,72,grape,0
31837,1,69,grape,1
32423,1,65,apple,1
25745,0,66,grape,0
18088,0,68,grape,0
18412,0,69,grape,0
57888,1,67,orange,1
28880,1,62,grape,1
7917,0,70,grape,0
10088,1,63,grape,1
45863,1,64,grape,1
27599,1,64,orange,1
53247,1,63,grape,1
6690,0,70,grape,0
52216,0,73,grape,0
50223,1,66,grape,1
26636,0,75,grape,0
31030,1,69,grape,1
1771,1,67,grape,1
40143,0,72,grape,0
23366,0,74,grape,0
48967,0,68,grape,0
17307,0,67,grape,0
29189,0,69,grape,0
28530,0,70,grape,0
41977,1,68,orange,1
13288,0,70,orange,0
25865,1,67,grape,1
53385,1,61,grape,1
14731,1,67,grape,1
2380,0,72,grape,0
57480,1,65,grape,1
11911,1,64,orange,1
35818,0,71,grape,0
2375,0,71,orange,0
22653,0,72,grape,0
6663,0,68,grape,0
34378,0,66,apple,0
40435,0,68,grape,0
19163,0,71,grape,0
30539,1,60,grape,1
6644,0,69,orange,0
48364,0,71,grape,0
25878,0,68,grape,0
6692,1,64,grape,1
669,0,70,grape,0
25242,0,77,grape,0
30985,1,69,grape,1
4371,1,64,apple,1
676,0,70,grape,0
32281,0,70,grape,0
28309,0,66,grape,0
52971,1,65,grape,1
35281,0,71,grape,0
24746,0,75,grape,0
8468,0,73,grape,0
11895,0,75,orange,0
25318,1,65,grape,1
1007,0,67,grape,0
33129,0,70,grape,0
40783,1,65,grape,1
30441,1,64,apple,1
32479,1,63,grape,1
6470,0,70,grape,0
38508,1,69,grape,1
15258,0,74,grape,0
14158,0,70,grape,0
32752,1,64,grape,1
49003,0,68,grape,0
49701,1,64,grape,1
41231,0,75,grape,0
20118,1,68,grape,1
33733,1,70,orange,1
50030,0,74,grape,0
3101,1,68,grape,1
55349,0,74,grape,0
16465,0,70,grape,0
7734,0,65,grape,0
28342,0,71,grape,0
42026,0,69,grape,0
32917,1,69,grape,1
46149,0,69,grape,0
28877,0,75,grape,0
52901,0,72,grape,0
10675,0,74,grape,0
54327,0,68,grape,0
11687,0,73,grape,0
18278,0,69,grape,0
29549,1,65,grape,1
29601,1,62,grape,1
12202,0,74,grape,0
15294,0,73,grape,0
45145,1,70,grape,1
20799,0,65,orange,0
20387,1,64,grape,1
41507,0,73,grape,0
40606,0,76,grape,0
40645,0,72,grape,0
11519,1,66,grape,1
46896,1,73,grape,1
14758,0,66,orange,0
21020,1,67,grape,1
49924,1,62,grape,1
59138,1,68,grape,1
2340,0,72,grape,0
18618,0,72,grape,0
46393,0,66,grape,0
37647,1,63,grape,1
43570,0,68,apple,0
58469,0,73,grape,0
34329,1,68,grape,1
4206,1,64,orange,1
34872,0,71,grape,0
13332,1,66,grape,1
28493,0,72,grape,0
17756,0,69,grape,0
720,0,73,orange,0
37561,1,67,grape,1
3681,1,63,apple,1
41056,1,63,grape,1
30865,1,64,grape,1
2493,1,70,grape,1
48929,1,70,grape,1
9366,1,66,grape,1
8081,1,70,apple,1
5138,0,72,grape,0
29313,0,68,orange,0
45262,1,68,grape,1
36982,1,58,grape,1
39538,0,70,grape,0
14038,0,71,grape,0
8702,1,64,grape,1
23468,1,60,grape,1
25226,1,61,grape,1
13421,0,71,grape,0
15541,1,64,grape,1
35425,0,74,grape,0
51396,1,66,orange,1
18418,1,66,grape,1
23497,0,68,grape,0
33836,0,70,grape,0
42418,1,67,grape,1
29720,1,66,grape,1
26423,0,74,grape,0
44176,1,65,grape,1
2825,1,64,grape,1
6933,0,71,grape,0
5942,1,71,grape,1
26102,1,66,grape,1
9107,0,70,grape,0
21094,0,77,grape,0
5781,1,65,grape,1
18,1,64,grape,1
31647,1,66,grape,1
20789,1,63,grape,1
7163,1,61,apple,1
13167,0,68,grape,0
30032,0,71,grape,0
49086,0,69,grape,0
43775,1,63,grape,1
35840,1,64,grape,1
38827,0,67,orange,0
38071,0,74,grape,0
6766,0,69,grape,0
36728,1,62,grape,1
49719,1,63,grape,1
20309,0,73,orange,0
27614,0,72,grape,0
19057,0,72,grape,0
23217,1,62,orange,1
38689,0,67,grape,0
19463,0,69,grape,0
9914,0,70,orange,0
43349,1,64,grape,1
18221,0,69,grape,0
23856,0,80,grape,0
3673,0,68,grape,0
51187,0,74,grape,0
39474,0,71,grape,0
46184,0,70,grape,0
25207,0,68,grape,0
26798,1,69,grape,1
39400,1,62,grape,1
40978,0,68,grape,0
32976,0,65,grape,0
42715,0,74,grape,0
46555,1,64,grape,1
43895,0,68,grape,0
16696,1,64,apple,1
47464,0,75,grape,0
7444,0,70,grape,0
46525,0,72,grape,0
20808,0,68,grape,0
17917,1,61,grape,1
1352,1,70,grape,1
40466,0,70,orange,0
14456,1,60,grape,1
32487,1,65,grape,1
35415,0,69,grape,0
54370,1,70,grape,1
55569,1,67,grape,1
27970,1,69,grape,1
54966,0,72,grape,0
22642,1,71,grape,1
34176,0,68,grape,0
49126,1,65,grape,1
54425,1,65,grape,1
2515,1,68,grape,1
37152,1,64,grape,1
25004,0,69,grape,0
46188,0,74,grape,0
42295,0,69,grape,0
37118,0,68,orange,0
12753,0,71,grape,0
38242,1,60,grape,1
45844,1,69,grape,1
40853,1,63,orange,1
35623,1,64,grape,1
8687,1,69,apple,1
14351,0,68,orange,0
577,0,73,grape,0
22836,0,74,grape,0
39908,0,69,grape,0
599,0,74,grape,0
2553,1,60,grape,1
8661,1,61,grape,1
30075,1,67,grape,1
11984,0,69,apple,0
55200,1,62,grape,1
34590,1,63,orange,1
2897,0,68,grape,0
37817,0,69,grape,0
50347,0,70,grape,0
2756,1,67,orange,1
30190,0,68,grape,0
38492,1,65,grape,1
49457,1,59,apple,1
10501,1,64,grape,1
1871,0,73,grape,0
48822,0,70,orange,0
5238,0,70,grape,0
12488,0,76,grape,0
40682,1,67,grape,1
26722,0,68,grape,0
47179,1,59,grape,1
9634,0,73,grape,0
30357,1,70,grape,1
2027,0,72,grape,0
4666,0,71,grape,0
41557,1,65,grape,1
45407,0,71,grape,0
29608,1,63,grape,1
47648,0,71,grape,0
8354,1,65,apple,1
48630,0,65,grape,0
9426,0,65,grape,0
46900,1,70,grape,1
21300,0,70,grape,0
46662,0,73,grape,0
39752,1,65,grape,1
31678,0,73,grape,0
16532,1,65,grape,1
28803,0,66,grape,0
26711,0,75,grape,0
1062,0,72,grape,0
13619,1,71,grape,1
47366,0,69,grape,0
44925,0,74,orange,0
7365,1,61,apple,1
20282,0,72,grape,0
59133,0,73,grape,0
9861,1,62,grape,1
49477,0,71,grape,0
3137,1,63,grape,1
53964,1,65,grape,1
31683,0,75,grape,0
45294,1,69,grape,1
55096,0,70,grape,0
26168,0,70,grape,0
54470,0,67,grape,0
20279,0,75,grape,0
28767,0,74,grape,0
2788,0,73,grape,0
55998,0,72,grape,0
29996,1,67,grape,1
17292,1,66,apple,1
17491,0,71,grape,0
20860,1,63,grape,1
57390,0,72,grape,0
35972,0,71,grape,0
57292,0,70,grape,0
6791,0,74,grape,0
9477,1,68,grape,1
57884,0,68,orange,0
45060,0,75,grape,0
21029,1,59,grape,1
48505,1,66,apple,1
34115,0,68,grape,0
54167,1,64,grape,1
36771,0,72,grape,0
10331,0,70,grape,0
15871,1,65,grape,1
58394,0,69,orange,0
52072,0,68,grape,0
40058,0,70,grape,0
55598,1,64,grape,1
47259,1,62,grape,1
42749,1,66,grape,1
56622,1,61,grape,1
58993,1,62,grape,1
16509,0,73,grape,0
53947,0,65,grape,0
15054,0,68,grape,0
14558,0,72,grape,0
8226,0,75,grape,0
1620,0,72,grape,0
2240,0,69,grape,0
23589,1,67,apple,1
14199,0,78,apple,0
42083,1,64,grape,1
17104,1,72,apple,1
59695,0,74,grape,0
47113,1,68,grape,1
58410,1,63,grape,1
55143,1,70,grape,1
6197,0,73,grape,0
8760,0,75,grape,0
25873,0,69,grape,0
47086,1,68,grape,1
1100,0,72,orange,0
17599,0,71,grape,0
29235,0,72,orange,0
26803,0,69,grape,0
53515,1,67,grape,1
11482,0,68,grape,0
13108,0,69,grape,0
52719,0,66,grape,0
50474,1,66,grape,1
14030,1,60,grape,1
38797,0,67,grape,0
36425,1,68,grape,1
37473,1,66,grape,1
32862,0,73,grape,0
26482,0,69,grape,0
52836,0,70,grape,0
9104,0,74,grape,0
58891,0,72,grape,0
10941,1,67,grape,1
6198,0,70,grape,0
26052,1,64,grape,1
4314,1,60,grape,1
54031,1,60,grape,1
34492,0,70,grape,0
7477,0,72,grape,0
43459,0,73,grape,0
9662,1,66,grape,1
49295,1,62,apple,1
13849,1,65,grape,1
51365,0,70,grape,0
59033,0,69,grape,0
49727,0,69,grape,0
25457,0,72,grape,0
56330,0,67,grape,0
47000,0,65,grape,0
40695,1,66,grape,1
44614,0,72,grape,0
6074,1,66,grape,1
52785,0,71,grape,0
46656,0,69,grape,0
54585,1,68,grape,1
41073,1,69,grape,1
23515,0,68,grape,0
9536,1,65,apple,1
43545,0,69,grape,0
7756,1,69,grape,1
15291,0,66,grape,0
28512,0,69,apple,0
19350,0,70,grape,0
20803,1,61,apple,1
2157,0,69,grape,0
34297,0,73,grape,0
11707,0,74,grape,0
52658,1,64,grape,1
59545,0,72,grape,0
16903,1,68,grape,1
38784,1,67,grape,1
16969,0,70,grape,0
26540,0,69,grape,0
14811,0,71,grape,0
48185,1,63,grape,1
26320,0,74,grape,0
52322,1,66,grape,1
12899,1,61,grape,1
8383,0,70,grape,0
24347,0,70,grape,0
2838,1,70,grape,1
50566,1,68,grape,1
52969,1,62,grape,1
44146,0,72,grape,0
18805,0,74,grape,0
18766,1,60,grape,1
40995,1,70,grape,1
17947,0,71,grape,0
6904,1,66,grape,1
46022,0,72,grape,0
20104,0,74,orange,0
4383,1,69,apple,1
3871,1,64,grape,1
2502,1,70,orange,1
13982,0,69,orange,0
43503,0,71,grape,0
9657,0,68,orange,0
10108,0,73,grape,0
5144,1,68,grape,1
43635,1,68,grape,1
57013,0,74,grape,0
56904,1,65,grape,1
27747,1,66,grape,1
48180,0,66,grape,0
16499,0,70,orange,0
32401,1,64,grape,1
37202,0,77,grape,0
17187,0,66,grape,0
55856,0,71,grape,0
39040,0,73,grape,0
10425,0,64,grape,0
52044,0,69,grape,0
18807,0,70,grape,0
44163,0,74,orange,0
46826,0,67,grape,0
5491,0,72,grape,0
37287,1,64,grape,1
9054,1,67,grape,1
39,1,63,grape,1
52651,1,68,grape,1
20821,0,69,grape,0
47081,0,76,grape,0
47509,1,66,grape,1
2944,0,73,grape,0
53758,0,74,grape,0
53225,1,62,grape,1
40588,1,62,grape,1
49151,0,71,grape,0
44210,0,66,grape,0
38848,0,74,grape,0
20680,0,76,apple,0
17626,0,73,grape,0
33099,1,66,grape,1
17467,0,72,grape,0
44620,1,61,grape,1
42256,0,69,grape,0
22027,0,70,grape,0
46845,0,75,grape,0
17974,1,63,orange,1
47963,0,75,grape,0
24754,0,72,orange,0
18049,1,64,grape,1
46509,1,67,grape,1
56984,0,70,orange,0
27233,1,63,grape,1
1000,1,66,grape,1
2823,0,67,grape,0
2712,1,65,grape,1
44868,0,76,grape,0
36719,0,73,grape,0
56431,0,76,grape,0
46865,0,71,grape,0
19724,1,62,apple,1
58953,0,70,grape,0
22025,0,67,grape,0
44682,0,72,grape,0
31080,1,65,grape,1
57922,1,69,orange,1
15372,1,70,grape,1
49242,0,71,grape,0
42572,0,73,orange,0
36307,0,69,grape,0
2508,1,62,grape,1
57265,0,70,grape,0
25095,0,70,grape,0
2673,1,71,grape,1
11878,1,69,grape,1
59617,0,71,grape,0
16348,1,68,grape,1
39470,0,74,grape,0
39103,0,70,grape,0
913,0,67,grape,0
10034,0,74,grape,0
29382,1,66,grape,1
22939,0,69,grape,0
17909,0,67,grape,0
7881,1,68,grape,1
41188,0,72,grape,0
26993,0,66,grape,0
44600,0,75,grape,0
49019,1,66,grape,1
13374,1,68,apple,1
32791,0,65,grape,0
1567,0,70,grape,0
56459,0,70,grape,0
10038,0,70,grape,0
8944,1,63,orange,1
52563,0,74,orange,0
21558,1,66,grape,1
5711,0,70,grape,0
45063,0,72,grape,0
31379,0,69,grape,0
54907,1,65,grape,1
41559,1,61,grape,1
28194,1,65,grape,1
14648,0,72,grape,0
2414,1,70,apple,1
40489,1,60,grape,1
34744,1,66,grape,1
17633,1,67,grape,1
30820,0,74,grape,0
49622,0,66,grape,0
47343,0,65,grape,0
23754,0,70,grape,0
56948,0,74,orange,0
37168,0,72,grape,0
43400,0,71,grape,0
33590,0,77,grape,0
14269,0,71,grape,0
19519,0,71,grape,0
11238,0,69,orange,0
37935,1,69,grape,1
28716,0,69,orange,0
20716,1,66,grape,1
21456,1,65,grape,1
10932,1,67,grape,1
51381,1,64,grape,1
18118,1,66,grape,1
37119,0,71,grape,0
25094,1,63,grape,1
55445,0,69,grape,0
18437,1,63,grape,1
58342,0,75,grape,0
8583,1,68,grape,1
39093,0,66,grape,0
59861,1,64,grape,1
13714,1,63,grape,1
24495,1,63,grape,1
24671,1,66,grape,1
42085,1,61,grape,1
52661,1,67,orange,1
35217,0,69,grape,0
4593,1,70,orange,1
38531,0,73,grape,0
25199,0,71,grape,0
1069,0,75,grape,0
30148,0,72,grape,0
51206,1,64,grape,1
8121,1,68,grape,1
53500,1,64,grape,1
7512,1,61,grape,1
29346,1,64,apple,1
54588,0,70,grape,0
7334,0,80,grape,0
25591,1,68,grape,1
44373,0,77,grape,0
48350,0,70,grape,0
43690,1,66,grape,1
52409,1,64,apple,1
7009,1,65,grape,1
7546,1,70,grape,1
36215,0,68,grape,0
36011,0,68,grape,0
45512,0,70,grape,0
43264,0,72,grape,0
34503,0,69,grape,0
384,0,76,grape,0
10249,0,71,grape,0
17460,1,63,grape,1
22010,1,64,grape,1
25086,0,68,grape,0
54373,0,73,grape,0
56396,0,69,grape,0
36327,0,69,grape,0
41684,0,68,grape,0
22242,0,69,grape,0
7619,1,70,grape,1
34918,0,71,orange,0
2137,1,63,grape,1
51832,1,67,grape,1
16458,0,72,grape,0
28037,1,66,grape,1
15930,0,71,apple,0
33231,1,68,grape,1
4334,1,67,grape,1
34785,1,66,grape,1
33380,0,70,grape,0
56611,0,72,grape,0
50284,0,71,grape,0
23661,0,71,grape,0
2457,0,76,grape,0
45867,0,69,grape,0
36919,0,69,grape,0
56528,0,75,grape,0
52291,0,71,grape,0
55302,1,66,grape,1
54747,0,70,grape,0
827,0,70,grape,0
22539,1,62,grape,1
14903,0,64,grape,0
36271,0,66,grape,0
53819,1,63,grape,1
26410,0,73,grape,0
55360,0,72,orange,0
18860,0,68,grape,0
28944,0,67,grape,0
41111,0,66,apple,0
40654,0,71,grape,0
10272,1,65,apple,1
56883,0,72,grape,0
46440,0,77,grape,0
15787,0,74,grape,0
16405,1,68,apple,1
6509,0,76,grape,0
39824,0,72,grape,0
14728,0,70,grape,0
14135,0,68,grape,0
54969,0,73,grape,0
17613,1,63,grape,1
40269,0,73,grape,0
35188,0,67,grape,0
41535,0,67,grape,0
18106,1,70,grape,1
54247,0,70,grape,0
11214,0,72,grape,0
4391,1,65,grape,1
43260,0,69,grape,0
26686,1,63,grape,1
46264,0,75,grape,0
22670,0,71,grape,0
34880,0,74,grape,0
37412,0,70,grape,0
13435,0,66,grape,0
40892,0,70,grape,0
47525,0,73,grape,0
15609,0,76,grape,0
36175,1,66,grape,1
6788,0,69,grape,0
38808,0,72,grape,0
28062,0,72,grape,0
47605,0,73,grape,0
44039,0,68,grape,0
21845,0,72,grape,0
54001,1,66,apple,1
4435,0,72,grape,0
4831,0,66,grape,0
17560,0,66,grape,0
54435,0,72,grape,0
19234,0,71,grape,0
45943,0,67,grape,0
35602,0,70,grape,0
38111,0,74,grape,0
36292,0,70,grape,0
22269,0,70,grape,0
34280,1,63,grape,1
23812,1,71,grape,1
32062,1,68,grape,1
59526,1,67,grape,1
26064,1,66,grape,1
540,1,60,grape,1
13350,1,67,grape,1
51136,1,64,grape,1
33479,0,72,orange,0
54769,1,68,grape,1
21716,1,67,grape,1
50402,1,70,grape,1
3484,0,66,grape,0
29263,0,72,grape,0
32503,1,64,grape,1
35618,1,71,grape,1
14271,0,67,grape,0
2038,1,69,grape,1
21990,0,74,grape,0
366,0,73,grape,0
11085,1,64,grape,1
35446,0,69,grape,0
25990,0,71,grape,0
7274,0,75,grape,0
14852,0,67,grape,0
41062,0,74,grape,0
9984,0,70,grape,0
37768,1,68,grape,1
28863,0,68,grape,0
34051,0,71,grape,0
46039,1,61,grape,1
35760,1,65,grape,1
48926,1,65,grape,1
48577,0,66,apple,0
3977,0,64,orange,0
46274,0,72,grape,0
3225,1,67,grape,1
40616,1,64,orange,1
59466,0,75,grape,0
18953,0,70,grape,0
30738,1,68,grape,1
9186,0,74,grape,0
11278,0,68,grape,0
34311,0,71,orange,0
52922,1,59,grape,1
24326,0,74,grape,0
51399,0,71,grape,0
29140,1,66,grape,1
4760,0,68,grape,0
29614,1,65,grape,1
36854,0,70,grape,0
30121,0,70,grape,0
43082,0,68,orange,0
56342,0,73,grape,0
49470,1,66,grape,1
11769,1,62,grape,1
44030,0,68,grape,0
37576,0,71,orange,0
52611,0,70,grape,0
14092,1,64,grape,1
36290,1,69,grape,1
3799,1,68,grape,1
14583,0,75,grape,0
49389,0,73,grape,0
33261,0,72,grape,0
11282,0,78,grape,0
24445,1,67,grape,1
51445,1,70,grape,1
55444,0,77,grape,0
55110,0,69,grape,0
32227,1,67,grape,1
59291,0,74,grape,0
47790,1,70,grape,1
46073,1,63,grape,1
26094,0,69,grape,0
35343,1,65,grape,1
27274,1,60,grape,1
14978,1,62,grape,1
43523,0,72,grape,0
8877,1,66,grape,1
29607,1,67,grape,1
2643,1,70,grape,1
31326,0,72,grape,0
50210,1,60,grape,1
10880,0,70,grape,0
6878,0,76,grape,0
45049,1,62,grape,1
58045,1,64,grape,1
22166,1,67,grape,1
18233,0,71,grape,0
336,1,63,grape,1
41792,1,62,grape,1
41130,0,68,grape,0
24329,1,63,grape,1
44492,1,65,grape,1
21679,0,74,grape,0
30861,1,67,grape,1
58442,0,66,grape,0
47863,0,74,grape,0
43375,0,68,grape,0
14433,0,70,grape,0
40284,1,65,grape,1
23766,0,72,grape,0
18006,1,67,grape,1
20331,1,66,apple,1
36972,0,66,grape,0
34377,0,68,apple,0
49042,1,63,grape,1
10067,0,69,grape,0
5305,0,65,grape,0
15863,1,70,grape,1
27777,0,70,grape,0
31618,0,70,grape,0
14805,0,70,grape,0
38145,0,70,grape,0
1311,0,72,orange,0
3161,1,62,grape,1
47454,0,75,grape,0
28090,0,72,grape,0
17977,0,69,grape,0
31502,1,63,apple,1
3817,1,67,grape,1
30168,1,67,grape,1
36447,1,65,apple,1
19654,1,63,grape,1
18387,1,64,grape,1
10422,0,68,grape,0
46372,0,70,orange,0
20234,1,65,grape,1
48297,1,63,apple,1
46521,1,64,grape,1
24693,0,72,grape,0
51886,0,64,grape,0
41221,0,68,orange,0
4397,1,65,grape,1
23761,0,71,grape,0
52424,0,70,orange,0
42459,1,67,grape,1
48890,0,75,grape,0
2723,0,65,grape,0
18878,0,68,grape,0
38085,0,70,grape,0
42089,0,77,grape,0
3690,0,70,grape,0
11993,1,65,grape,1
12593,1,67,grape,1
25109,0,69,grape,0
32699,1,67,grape,1
45588,0,75,grape,0
6634,0,69,grape,0
3231,1,68,grape,1
31522,0,75,grape,0
3448,1,61,grape,1
22979,1,65,grape,1
51838,1,61,grape,1
14548,0,74,orange,0
49140,1,63,apple,1
36657,0,72,grape,0
40462,0,71,grape,0
51461,1,72,grape,1
32581,1,66,grape,1
19022,0,74,grape,0
3638,1,69,grape,1
40025,0,74,grape,0
1983,1,67,grape,1
43142,0,67,grape,0
10798,0,74,grape,0
30783,0,70,grape,0
30650,1,63,grape,1
12929,0,66,grape,0
50147,1,62,grape,1
3845,0,67,grape,0
32166,1,63,grape,1
20868,0,73,grape,0
42118,0,65,orange,0
10746,0,74,grape,0
32760,1,64,grape,1
12130,0,69,grape,0
3255,0,74,grape,0
28501,0,70,grape,0
31909,1,66,grape,1
7590,1,68,orange,1
24442,1,68,grape,1
43242,0,71,grape,0
24778,0,64,grape,0
34054,1,68,grape,1
43183,1,66,grape,1
30577,0,70,grape,0
12919,0,74,grape,0
38059,1,71,grape,1
28692,0,69,grape,0
35356,1,67,grape,1
31070,1,63,grape,1
5076,0,65,grape,0
8115,0,67,orange,0
48841,1,69,grape,1
19082,1,65,apple,1
5906,1,67,grape,1
31350,0,71,grape,0
33136,1,68,grape,1
25408,0,68,grape,0
18627,1,63,grape,1
55210,0,75,grape,0
15532,1,69,grape,1
35998,0,68,grape,0
24108,1,65,grape,1
14311,0,66,orange,0
6517,0,72,grape,0
2690,1,67,orange,1
9763,0,67,grape,0
31419,0,65,grape,0
10504,1,68,apple,1
41286,0,69,orange,0
22422,1,62,grape,1
59268,0,70,grape,0
44900,0,63,orange,0
47825,0,69,grape,0
23271,0,73,grape,0
20241,0,71,grape,0
58306,0,64,grape,0
48425,0,71,orange,0
17126,1,63,grape,1
15039,0,70,grape,0
13919,1,65,grape,1
50444,1,65,apple,1
7921,0,65,grape,0
52544,0,72,orange,0
38149,1,63,apple,1
39879,0,70,grape,0
27922,0,75,grape,0
55342,1,62,grape,1
25074,1,62,grape,1
53940,0,72,grape,0
50781,1,69,grape,1
34134,1,62,orange,1
9393,0,71,grape,0
37795,1,64,grape,1
31586,0,69,grape,0
47977,1,71,grape,1
7689,0,67,orange,0
35959,0,63,grape,0
44325,0,68,grape,0
36658,0,71,grape,0
7368,0,65,grape,0
12692,0,72,grape,0
54393,0,73,grape,0
32973,1,65,grape,1
42226,1,63,grape,1
46538,0,69,grape,0
42515,0,67,orange,0
4645,0,72,grape,0
36894,1,69,orange,1
24257,1,67,grape,1
53422,1,68,grape,1
12372,0,71,grape,0
18145,0,68,grape,0
21305,1,65,grape,1
54526,1,65,grape,1
8675,0,67,grape,0
55913,0,74,grape,0
58258,1,62,grape,1
39009,0,72,grape,0
24093,0,69,grape,0
23845,0,72,grape,0
12514,0,67,apple,0
2197,0,72,grape,0
22963,1,64,grape,1
16895,1,60,orange,1
57210,1,67,grape,1
56341,1,69,grape,1
41222,0,72,grape,0
49700,1,62,grape,1
12752,0,67,orange,0
10023,1,66,apple,1
21249,1,61,grape,1
2637,1,64,orange,1
18667,0,68,orange,0
52058,0,66,grape,0
53068,0,67,grape,0
52730,0,71,grape,0
55372,0,70,grape,0
25238,1,74,grape,1
58200,0,66,grape,0
34083,0,66,grape,0
32130,1,67,grape,1
48196,0,70,grape,0
52251,1,67,grape,1
40917,0,68,grape,0
53716,1,61,grape,1
35083,0,69,grape,0
16160,1,64,grape,1
29581,0,70,grape,0
28373,1,65,grape,1
19614,1,68,grape,1
40481,1,65,grape,1
57623,1,71,grape,1
18674,0,72,grape,0
16710,1,72,grape,1
46832,1,67,grape,1
48176,0,74,grape,0
7066,0,69,grape,0
19272,0,67,orange,0
3373,0,69,grape,0
45314,1,69,grape,1
9360,1,61,grape,1
9963,1,68,grape,1
41082,0,69,grape,0
44267,0,74,grape,0
33717,1,68,grape,1
30687,1,64,grape,1
20831,0,70,grape,0
25198,1,60,grape,1
36441,1,65,grape,1
22478,0,73,apple,0
46193,1,63,apple,1
22162,0,69,grape,0
53965,1,66,grape,1
56731,1,67,grape,1
37110,1,64,grape,1
5659,0,74,grape,0
9157,0,76,grape,0
44877,0,76,grape,0
27129,0,63,grape,0
4909,0,69,grape,0
31920,0,70,grape,0
41443,1,66,grape,1
12317,0,64,grape,0
30151,1,64,grape,1
31143,1,60,grape,1
26629,1,64,grape,1
24692,1,62,grape,1
39554,1,66,grape,1
51658,0,68,grape,0
43804,1,63,grape,1
4933,0,73,grape,0
49359,0,70,grape,0
31584,0,71,grape,0
46782,1,62,grape,1
8343,0,67,grape,0
49352,1,61,grape,1
9227,1,68,grape,1
22132,0,70,grape,0
7686,0,69,orange,0
22491,1,64,grape,1
20071,0,73,grape,0
14768,0,77,grape,0
4710,1,62,apple,1
22971,0,73,apple,0
44637,0,75,grape,0
48684,0,75,grape,0
44817,0,70,grape,0
6169,0,71,grape,0
47206,0,67,grape,0
37865,0,68,grape,0
15587,1,65,grape,1
47885,0,72,grape,0
22447,0,73,grape,0
5948,1,65,grape,1
4148,0,69,grape,0
40735,0,68,grape,0
33362,1,64,grape,1
56853,0,69,grape,0
29308,1,67,grape,1
27949,0,66,grape,0
58414,1,64,grape,1
30767,1,63,grape,1
7700,0,72,grape,0
52550,1,60,grape,1
39552,0,66,grape,0
7025,1,62,grape,1
36033,0,71,grape,0
16879,0,73,grape,0
28380,0,73,grape,0
34012,1,65,grape,1
14434,0,72,grape,0
21403,1,65,grape,1
27766,0,65,grape,0
16138,1,66,grape,1
29519,0,72,apple,0
8908,0,72,grape,0
40854,0,69,grape,0
6046,1,68,grape,1
50488,1,65,grape,1
49495,0,71,orange,0
2350,1,63,grape,1
19705,0,77,grape,0
35803,0,68,grape,0
12109,0,72,grape,0
24427,0,73,orange,0
3254,0,70,grape,0
38630,0,68,grape,0
3760,1,66,grape,1
18858,1,62,orange,1
22862,0,69,apple,0
37421,1,63,grape,1
15997,0,67,grape,0
36609,0,71,grape,0
24797,0,76,grape,0
28996,0,72,grape,0
25052,1,64,grape,1
2945,0,69,grape,0
54469,0,70,grape,0
49567,0,67,grape,0
50639,0,75,grape,0
57502,1,55,grape,1
3327,0,70,grape,0
13545,0,67,grape,0
318,1,61,grape,1
43712,1,67,grape,1
24408,0,72,grape,0
4673,1,73,orange,1
17900,1,62,orange,1
2311,0,69,orange,0
10593,0,70,grape,0
22617,0,70,orange,0
57497,1,69,grape,1
50638,1,67,grape,1
50204,0,75,grape,0
164,1,66,grape,1
41651,0,71,grape,0
35817,0,70,orange,0
7550,0,75,grape,0
29509,1,65,grape,1
43460,0,70,grape,0
48151,0,71,grape,0
44865,1,63,grape,1
53598,0,70,grape,0
23418,0,73,grape,0
24973,0,70,grape,0
30029,1,68,grape,1
21676,1,66,grape,1
33491,0,69,orange,0
38626,0,67,grape,0
27971,1,67,grape,1
24781,0,72,grape,0
27629,0,66,grape,0
55183,1,66,grape,1
8175,0,68,grape,0
53757,1,60,grape,1
2505,1,72,apple,1
28915,0,69,grape,0
49848,1,64,grape,1
19372,1,62,orange,1
2767,0,68,grape,0
28680,0,70,grape,0
51157,0,71,grape,0
45542,1,63,grape,1
41342,1,63,grape,1
2398,0,72,grape,0
54652,1,67,grape,1
44471,0,70,grape,0
23996,0,72,grape,0
9339,0,71,grape,0
27737,0,73,grape,0
106,1,65,grape,1
54226,1,68,grape,1
55100,0,73,grape,0
57018,1,65,apple,1
30435,0,76,grape,0
3302,0,71,grape,0
14127,0,74,grape,0
14381,0,73,grape,0
54161,1,65,grape,1
44748,0,72,grape,0
11857,1,65,grape,1
42245,0,70,grape,0
44602,1,68,grape,1
36394,0,78,grape,0
12041,0,72,grape,0
28892,0,68,grape,0
49826,1,65,grape,1
23465,0,70,grape,0
27382,0,73,orange,0
57779,1,70,grape,1
35266,1,65,grape,1
59278,0,73,grape,0
19096,0,70,grape,0
37960,0,72,grape,0
39219,0,70,grape,0
59655,0,68,grape,0
58178,0,69,grape,0
49779,1,62,grape,1
2929,0,70,grape,0
3468,1,62,grape,1
48981,0,73,grape,0
36887,0,67,grape,0
834,1,65,grape,1
51111,1,66,grape,1
7055,0,74,grape,0
39678,1,70,grape,1
54223,1,66,grape,1
25427,1,67,grape,1
22274,0,71,grape,0
41487,0,73,grape,0
4555,0,70,orange,0
51527,1,63,grape,1
2126,1,69,grape,1
56702,0,71,grape,0
29656,0,69,grape,0
46071,0,67,grape,0
9667,0,74,grape,0
7148,0,75,grape,0
6898,0,70,grape,0
779,0,68,grape,0
39183,0,68,grape,0
360,0,72,grape,0
1360,0,70,apple,0
40204,0,69,grape,0
11299,0,67,grape,0
26195,1,65,grape,1
24273,0,68,grape,0
20335,0,72,grape,0
54236,0,66,orange,0
11331,1,66,orange,1
911,0,69,grape,0
13091,1,64,grape,1
1119,0,71,orange,0
18853,0,71,grape,0
25116,0,70,orange,0
59647,1,66,grape,1
12918,1,66,grape,1
54936,0,69,grape,0
8487,0,72,grape,0
50769,1,64,grape,1
49186,0,74,grape,0
29146,1,64,grape,1
17716,0,73,orange,0
4112,1,63,grape,1
3698,1,67,grape,1
45612,0,67,grape,0
46742,0,75,grape,0
41870,0,68,grape,0
54422,1,69,grape,1
35796,0,73,apple,0
51207,0,67,grape,0
6723,1,68,grape,1
45492,1,67,grape,1
212,0,72,grape,0
16944,1,69,grape,1
21175,1,64,grape,1
20703,0,75,grape,0
30150,0,72,grape,0
26033,0,70,grape,0
47530,1,64,grape,1
38429,1,68,grape,1
30226,1,66,grape,1
6891,0,75,grape,0
26557,1,66,grape,1
57425,1,67,grape,1
15582,0,72,grape,0
38169,0,71,grape,0
52620,1,65,grape,1
57220,1,64,grape,1
13870,1,64,orange,1
2124,0,71,grape,0
6527,0,73,grape,0
40080,0,67,grape,0
37348,0,70,grape,0
59539,0,72,grape,0
50424,0,69,orange,0
39142,1,64,grape,1
22188,1,61,grape,1
55496,0,68,grape,0
49075,1,69,grape,1
28739,0,73,apple,0
9358,1,65,orange,1
35615,1,65,grape,1
59201,0,73,grape,0
8500,0,72,grape,0
9769,0,73,grape,0
29505,1,63,grape,1
57796,1,70,grape,1
52564,0,70,grape,0
13078,1,69,apple,1
47882,0,70,orange,0
57204,0,72,grape,0
21769,0,69,apple,0
45925,1,62,grape,1
8940,1,67,grape,1
27703,1,68,grape,1
22811,0,70,grape,0
9268,1,65,grape,1
40166,0,71,grape,0
31145,1,69,orange,1
9457,1,66,grape,1
13871,0,72,grape,0
30804,0,68,grape,0
17226,0,69,grape,0
5830,0,68,grape,0
44036,1,64,grape,1
11522,0,70,grape,0
8323,0,71,orange,0
55664,1,63,grape,1
18153,0,69,orange,0
30203,0,66,grape,0
58882,0,71,grape,0
14164,0,73,grape,0
57661,1,69,grape,1
59014,1,61,grape,1
6231,0,70,orange,0
36697,0,68,grape,0
47545,0,65,orange,0
47514,0,66,grape,0
46280,1,62,grape,1
27706,1,67,grape,1
2396,0,72,grape,0
43903,0,73,grape,0
37438,0,71,grape,0
29290,1,66,grape,1
9097,0,71,grape,0
24392,0,70,grape,0
54668,1,66,grape,1
19225,1,65,grape,1
2086,1,63,grape,1
10451,0,66,grape,0
58251,0,70,orange,0
26730,0,71,grape,0
41901,1,66,grape,1
37162,0,72,grape,0
59285,0,68,grape,0
53539,0,74,grape,0
4122,1,67,grape,1
29400,0,72,grape,0
29905,1,64,apple,1
52737,0,67,grape,0
6116,0,68,grape,0
41971,0,71,orange,0
10577,0,70,orange,0
30173,0,72,grape,0
53182,1,72,grape,1
4918,0,72,grape,0
27795,1,70,grape,1
20557,0,67,grape,0
32648,0,70,grape,0
56361,0,69,orange,0
13814,0,72,grape,0
20683,0,74,grape,0
536,1,71,grape,1
35533,0,72,grape,0
37289,0,73,grape,0
50896,0,70,grape,0
4104,0,70,grape,0
48251,1,66,grape,1
10962,1,70,apple,1
35976,1,62,apple,1
36692,0,69,orange,0
13119,1,61,grape,1
25999,1,61,grape,1
34483,1,61,grape,1
6097,0,70,grape,0
16791,0,72,grape,0
15966,0,69,grape,0
27778,0,69,grape,0
30928,1,68,grape,1
44033,0,71,grape,0
36299,0,72,orange,0
32693,1,64,grape,1
21135,1,63,grape,1
37267,0,75,grape,0
9695,0,66,grape,0
4494,0,71,grape,0
34641,1,61,grape,1
2569,0,70,grape,0
39276,0,68,grape,0
49367,1,68,apple,1
11611,0,68,grape,0
31923,0,62,grape,0
10282,1,66,grape,1
8208,0,71,grape,0
42748,1,69,grape,1
5225,0,69,grape,0
4419,1,66,grape,1
10943,0,69,grape,0
14202,1,66,grape,1
40775,0,71,grape,0
40663,0,66,grape,0
28668,0,70,grape,0
6986,1,70,orange,1
34027,0,72,grape,0
3645,1,65,grape,1
28617,1,66,grape,1
17383,0,70,grape,0
44801,0,69,grape,0
50369,1,67,grape,1
24546,1,65,grape,1
36849,1,64,grape,1
51806,0,72,grape,0
34679,1,66,apple,1
35809,1,63,grape,1
11549,0,70,grape,0
47322,0,70,grape,0
30382,0,68,grape,0
10787,1,63,grape,1
44749,0,70,grape,0
44323,0,73,grape,0
34688,0,68,grape,0
10825,0,68,orange,0
30014,0,73,grape,0
20882,0,73,grape,0
47877,0,71,grape,0
24285,0,76,grape,0
5175,1,61,apple,1
39622,1,67,grape,1
43353,0,72,grape,0
41979,0,65,grape,0
14765,1,66,grape,1
57471,0,67,orange,0
9762,0,77,grape,0
27527,0,77,grape,0
23776,0,73,grape,0
19039,0,73,grape,0
50337,0,70,grape,0
25367,0,70,grape,0
31983,0,72,grape,0
26382,1,66,grape,1
47134,1,69,grape,1
25634,0,72,grape,0
37160,0,71,grape,0
28188,0,68,orange,0
101,0,71,grape,0
20937,0,72,apple,0
37881,0,66,grape,0
6036,0,70,grape,0
32527,1,63,grape,1
34612,1,65,grape,1
46164,1,65,grape,1
23718,1,64,grape,1
51849,0,71,apple,0
36598,0,68,grape,0
48810,0,67,grape,0
49756,0,70,grape,0
51738,0,70,grape,0
76,1,67,apple,1
12534,0,76,grape,0
42711,1,65,grape,1
50613,0,67,grape,0
32078,1,67,grape,1
22087,1,64,grape,1
35878,0,67,grape,0
30264,1,67,grape,1
40282,0,61,grape,0
41116,0,71,grape,0
17499,1,62,grape,1
44391,0,66,grape,0
30274,0,67,grape,0
10737,0,73,orange,0
4620,0,73,grape,0
32775,0,74,grape,0
6616,0,69,grape,0
27495,0,71,grape,0
37310,0,68,grape,0
57037,0,72,grape,0
2215,0,70,grape,0
29711,1,62,grape,1
52269,0,71,grape,0
45406,0,68,grape,0
12940,0,71,grape,0
29322,0,78,grape,0
29123,0,70,grape,0
8377,0,69,grape,0
8599,0,68,orange,0
13484,1,66,grape,1
33350,0,75,grape,0
20942,0,71,grape,0
54992,0,70,grape,0
5324,0,72,grape,0
40494,0,74,grape,0
9489,0,74,grape,0
54284,1,67,grape,1
37648,0,70,orange,0
44850,0,73,grape,0
5178,0,67,orange,0
48767,1,65,grape,1
3865,0,71,grape,0
5930,1,62,grape,1
37939,0,70,grape,0
36632,1,68,grape,1
51293,1,67,grape,1
25060,1,61,grape,1
53264,1,67,grape,1
543,0,70,grape,0
52710,0,70,grape,0
10356,1,64,grape,1
12857,0,69,grape,0
7423,0,69,grape,0
39334,0,68,grape,0
30012,0,70,grape,0
25712,1,62,grape,1
32907,1,66,grape,1
42232,0,68,grape,0
29344,0,69,grape,0
48840,1,64,grape,1
58526,1,62,grape,1
25872,1,63,grape,1
39181,0,69,grape,0
23721,0,69,grape,0
56627,0,71,grape,0
6547,0,73,grape,0
32558,0,70,orange,0
10514,1,64,grape,1
51417,1,71,apple,1
30993,1,67,grape,1
44973,1,67,orange,1
52182,0,70,orange,0
55623,0,73,grape,0
49229,0,70,grape,0
12910,0,70,grape,0
22838,0,69,grape,0
18881,0,69,grape,0
51704,0,70,orange,0
56489,0,72,grape,0
2343,1,63,orange,1
37703,0,74,grape,0
26945,1,65,grape,1
24504,1,67,grape,1
25841,0,70,grape,0
57562,1,65,grape,1
12084,0,67,grape,0
52159,1,63,grape,1
37081,1,59,grape,1
21223,0,65,grape,0
36861,1,60,grape,1
19760,0,76,grape,0
41039,1,66,grape,1
29826,1,64,grape,1
671,1,62,apple,1
20634,1,66,apple,1
5055,1,62,grape,1
709,0,73,grape,0
2201,0,69,grape,0
10662,0,69,grape,0
19274,0,70,grape,0
12367,0,70,grape,0
22663,0,74,grape,0
48622,1,62,grape,1
33419,0,70,grape,0
21713,0,69,grape,0
58864,0,69,grape,0
11831,1,63,grape,1
26306,1,60,grape,1
17672,0,72,grape,0
33235,1,68,grape,1
20905,0,73,grape,0
56750,1,62,grape,1
32749,0,70,grape,0
13735,1,68,apple,1
47891,0,70,grape,0
56042,1,70,grape,1
972,0,67,grape,0
16721,0,69,orange,0
50558,1,64,grape,1
9055,0,68,grape,0
18841,0,67,grape,0
30619,0,72,grape,0
13737,1,66,apple,1
52476,0,72,grape,0
56298,1,64,grape,1
39057,0,69,grape,0
29341,1,67,grape,1
3524,1,63,grape,1
21661,1,68,grape,1
34253,0,72,grape,0
1140,0,69,grape,0
54915,1,62,grape,1
460,1,64,grape,1
43560,0,70,grape,0
615,1,63,grape,1
48778,1,67,grape,1
20759,0,69,grape,0
4070,1,61,grape,1
53065,0,66,grape,0
51471,1,64,grape,1
56135,1,64,grape,1
42876,1,69,orange,1
55831,1,67,apple,1
5040,1,65,grape,1
54511,0,70,grape,0
54253,0,70,grape,0
1833,0,66,grape,0
1303,0,71,grape,0
55655,1,69,grape,1
7471,1,66,grape,1
36125,1,64,apple,1
21591,0,72,grape,0
13633,1,65,grape,1
9934,0,65,grape,0
36087,0,70,grape,0
43863,1,63,grape,1
9231,1,61,grape,1
17734,0,72,grape,0
16796,1,65,apple,1
13383,1,67,grape,1
36643,1,67,grape,1
11281,1,65,grape,1
9288,0,75,grape,0
5074,0,70,grape,0
36297,0,68,grape,0
10682,1,70,grape,1
13876,1,67,grape,1
43453,0,73,grape,0
44552,1,70,grape,1
13620,1,69,grape,1
23359,0,69,grape,0
57793,0,74,grape,0
27600,0,70,grape,0
27710,0,70,orange,0
23494,1,64,grape,1
48132,0,69,grape,0
17082,1,66,grape,1
12500,1,59,grape,1
28324,0,72,grape,0
4074,1,63,grape,1
31117,1,64,grape,1
51047,1,63,grape,1
5956,1,66,grape,1
54801,1,64,grape,1
19811,1,65,apple,1
1864,0,74,grape,0
39046,0,68,grape,0
52068,0,69,grape,0
15887,0,68,grape,0
22404,1,70,grape,1
45992,1,62,grape,1
47711,1,63,grape,1
26986,1,67,grape,1
51054,1,69,grape,1
11376,0,65,grape,0
35135,0,74,orange,0
29093,0,65,grape,0
46105,0,70,orange,0
58495,0,72,grape,0
23322,0,67,grape,0
54706,1,72,grape,1
35850,1,64,apple,1
43039,0,74,grape,0
55506,1,66,grape,1
31666,0,68,orange,0
31957,1,68,grape,1
4014,0,71,orange,0
2657,1,62,grape,1
45636,1,63,grape,1
36062,0,76,grape,0
50454,0,70,grape,0
37767,0,74,apple,0
47945,0,70,grape,0
24997,0,64,grape,0
12792,0,72,grape,0
32889,0,71,grape,0
8390,1,61,grape,1
8986,0,68,grape,0
6830,0,72,grape,0
3557,1,63,grape,1
59864,1,69,grape,1
41033,1,68,grape,1
420,1,73,grape,1
30793,1,65,grape,1
45531,0,75,grape,0
39945,0,73,grape,0
44819,0,65,grape,0
44278,0,72,grape,0
36696,1,65,grape,1
37280,0,71,orange,0
25830,0,70,grape,0
19042,0,74,grape,0
16982,0,73,grape,0
19561,0,70,grape,0
17611,1,63,grape,1
56806,0,70,grape,0
59226,1,69,grape,1
25136,1,66,grape,1
20678,0,68,grape,0
30197,0,72,grape,0
41530,0,66,grape,0
25373,0,67,grape,0
13965,1,66,grape,1
33578,0,69,grape,0
45288,0,67,grape,0
59394,1,68,grape,1
13382,0,75,orange,0
11457,0,67,grape,0
27414,1,61,grape,1
39688,1,64,grape,1
40375,0,70,grape,0
39418,1,62,grape,1
23808,0,72,grape,0
54027,1,60,grape,1
46276,1,70,grape,1
25277,0,73,grape,0
26328,0,70,grape,0
12781,0,67,grape,0
39231,1,67,grape,1
26376,1,69,grape,1
58685,1,66,orange,1
12236,1,63,grape,1
16763,0,71,grape,0
6506,0,72,grape,0
46201,0,71,grape,0
31851,1,66,grape,1
52440,0,67,grape,0
25128,1,68,grape,1
22019,0,69,grape,0
46181,1,67,grape,1
1247,0,70,grape,0
6105,0,74,grape,0
1132,0,71,grape,0
32373,0,70,orange,0
27271,0,68,grape,0
34091,1,64,orange,1
7292,0,70,grape,0
13941,1,64,orange,1
19936,1,61,grape,1
35504,0,68,orange,0
27863,1,70,grape,1
56081,1,62,grape,1
22705,0,68,grape,0
22559,0,73,grape,0
45779,0,70,grape,0
35586,1,65,grape,1
34752,0,71,orange,0
26756,1,60,grape,1
1306,0,72,grape,0
12724,0,66,grape,0
4479,1,66,grape,1
42527,1,59,apple,1
34142,1,68,grape,1
7317,0,71,grape,0
6001,1,61,grape,1
5285,1,59,orange,1
10779,1,62,grape,1
57893,0,69,orange,0
17054,0,71,grape,0
55606,1,65,grape,1
35378,1,69,grape,1
39250,0,70,grape,0
50498,1,71,orange,1
699,1,64,grape,1
11216,1,70,grape,1
19344,0,72,grape,0
42422,1,67,apple,1
50650,1,65,grape,1
43020,0,73,grape,0
46777,0,69,grape,0
58212,0,69,grape,0
30722,1,64,grape,1
20061,1,63,orange,1
17727,0,66,grape,0
10147,0,67,grape,0
19728,0,72,grape,0
3997,0,75,grape,0
48403,0,68,grape,0
49166,0,67,grape,0
35762,1,68,grape,1
9757,0,73,grape,0
26514,0,70,grape,0
